/home/swlab-jueon/swvul/tools/java-vuln-detection/slicing/output/CPG/c/cwe256_cpg/cwe256-1-cpg-resolved.bin	tc1_flow1	CWE256_Plaintext_Storage_of_Password__w32_char_01.c	41	CWE256_Plaintext_Storage_of_Password__w32_char_01.c	57
/home/swlab-jueon/swvul/tools/java-vuln-detection/slicing/output/CPG/c/cwe256_cpg/cwe256-1-cpg-resolved.bin	tc1_flow2	CWE256_Plaintext_Storage_of_Password__w32_char_01.c	191	CWE256_Plaintext_Storage_of_Password__w32_char_01.c	261
/home/swlab-jueon/swvul/tools/java-vuln-detection/slicing/output/CPG/c/cwe256_cpg/cwe256-1-cpg-resolved.bin	tc1_flow3	CWE256_Plaintext_Storage_of_Password__w32_char_01.c	134	CWE256_Plaintext_Storage_of_Password__w32_char_01.c	161
/home/swlab-jueon/swvul/tools/java-vuln-detection/slicing/output/CPG/c/cwe256_cpg/cwe256-2-cpg-resolved.bin	tc2_flow1	CWE256_Plaintext_Storage_of_Password__w32_char_02.c	43	CWE256_Plaintext_Storage_of_Password__w32_char_02.c	62
/home/swlab-jueon/swvul/tools/java-vuln-detection/slicing/output/CPG/c/cwe256_cpg/cwe256-2-cpg-resolved.bin	tc2_flow2	CWE256_Plaintext_Storage_of_Password__w32_char_02.c	99	CWE256_Plaintext_Storage_of_Password__w32_char_02.c	177
/home/swlab-jueon/swvul/tools/java-vuln-detection/slicing/output/CPG/c/cwe256_cpg/cwe256-2-cpg-resolved.bin	tc2_flow3	CWE256_Plaintext_Storage_of_Password__w32_char_02.c	210	CWE256_Plaintext_Storage_of_Password__w32_char_02.c	283
/home/swlab-jueon/swvul/tools/java-vuln-detection/slicing/output/CPG/c/cwe256_cpg/cwe256-2-cpg-resolved.bin	tc2_flow4	CWE256_Plaintext_Storage_of_Password__w32_char_02.c	364	CWE256_Plaintext_Storage_of_Password__w32_char_02.c	394
/home/swlab-jueon/swvul/tools/java-vuln-detection/slicing/output/CPG/c/cwe256_cpg/cwe256-2-cpg-resolved.bin	tc2_flow5	CWE256_Plaintext_Storage_of_Password__w32_char_02.c	470	CWE256_Plaintext_Storage_of_Password__w32_char_02.c	500
/home/swlab-jueon/swvul/tools/java-vuln-detection/slicing/output/CPG/c/cwe256_cpg/cwe256-3-cpg-resolved.bin	tc3_flow1	CWE256_Plaintext_Storage_of_Password__w32_char_03.c	43	CWE256_Plaintext_Storage_of_Password__w32_char_03.c	62
/home/swlab-jueon/swvul/tools/java-vuln-detection/slicing/output/CPG/c/cwe256_cpg/cwe256-3-cpg-resolved.bin	tc3_flow2	CWE256_Plaintext_Storage_of_Password__w32_char_03.c	99	CWE256_Plaintext_Storage_of_Password__w32_char_03.c	177
/home/swlab-jueon/swvul/tools/java-vuln-detection/slicing/output/CPG/c/cwe256_cpg/cwe256-3-cpg-resolved.bin	tc3_flow3	CWE256_Plaintext_Storage_of_Password__w32_char_03.c	210	CWE256_Plaintext_Storage_of_Password__w32_char_03.c	283
/home/swlab-jueon/swvul/tools/java-vuln-detection/slicing/output/CPG/c/cwe256_cpg/cwe256-3-cpg-resolved.bin	tc3_flow4	CWE256_Plaintext_Storage_of_Password__w32_char_03.c	364	CWE256_Plaintext_Storage_of_Password__w32_char_03.c	394
/home/swlab-jueon/swvul/tools/java-vuln-detection/slicing/output/CPG/c/cwe256_cpg/cwe256-3-cpg-resolved.bin	tc3_flow5	CWE256_Plaintext_Storage_of_Password__w32_char_03.c	470	CWE256_Plaintext_Storage_of_Password__w32_char_03.c	500
/home/swlab-jueon/swvul/tools/java-vuln-detection/slicing/output/CPG/c/cwe256_cpg/cwe256-4-cpg-resolved.bin	tc4_flow1	CWE256_Plaintext_Storage_of_Password__w32_char_04.c	49	CWE256_Plaintext_Storage_of_Password__w32_char_04.c	68
/home/swlab-jueon/swvul/tools/java-vuln-detection/slicing/output/CPG/c/cwe256_cpg/cwe256-4-cpg-resolved.bin	tc4_flow2	CWE256_Plaintext_Storage_of_Password__w32_char_04.c	105	CWE256_Plaintext_Storage_of_Password__w32_char_04.c	183
/home/swlab-jueon/swvul/tools/java-vuln-detection/slicing/output/CPG/c/cwe256_cpg/cwe256-4-cpg-resolved.bin	tc4_flow3	CWE256_Plaintext_Storage_of_Password__w32_char_04.c	216	CWE256_Plaintext_Storage_of_Password__w32_char_04.c	289
/home/swlab-jueon/swvul/tools/java-vuln-detection/slicing/output/CPG/c/cwe256_cpg/cwe256-4-cpg-resolved.bin	tc4_flow4	CWE256_Plaintext_Storage_of_Password__w32_char_04.c	370	CWE256_Plaintext_Storage_of_Password__w32_char_04.c	400
/home/swlab-jueon/swvul/tools/java-vuln-detection/slicing/output/CPG/c/cwe256_cpg/cwe256-4-cpg-resolved.bin	tc4_flow5	CWE256_Plaintext_Storage_of_Password__w32_char_04.c	476	CWE256_Plaintext_Storage_of_Password__w32_char_04.c	506
/home/swlab-jueon/swvul/tools/java-vuln-detection/slicing/output/CPG/c/cwe256_cpg/cwe256-5-cpg-resolved.bin	tc5_flow1	CWE256_Plaintext_Storage_of_Password__w32_char_05.c	49	CWE256_Plaintext_Storage_of_Password__w32_char_05.c	68
/home/swlab-jueon/swvul/tools/java-vuln-detection/slicing/output/CPG/c/cwe256_cpg/cwe256-5-cpg-resolved.bin	tc5_flow2	CWE256_Plaintext_Storage_of_Password__w32_char_05.c	105	CWE256_Plaintext_Storage_of_Password__w32_char_05.c	183
/home/swlab-jueon/swvul/tools/java-vuln-detection/slicing/output/CPG/c/cwe256_cpg/cwe256-5-cpg-resolved.bin	tc5_flow3	CWE256_Plaintext_Storage_of_Password__w32_char_05.c	216	CWE256_Plaintext_Storage_of_Password__w32_char_05.c	289
/home/swlab-jueon/swvul/tools/java-vuln-detection/slicing/output/CPG/c/cwe256_cpg/cwe256-5-cpg-resolved.bin	tc5_flow4	CWE256_Plaintext_Storage_of_Password__w32_char_05.c	370	CWE256_Plaintext_Storage_of_Password__w32_char_05.c	400
/home/swlab-jueon/swvul/tools/java-vuln-detection/slicing/output/CPG/c/cwe256_cpg/cwe256-5-cpg-resolved.bin	tc5_flow5	CWE256_Plaintext_Storage_of_Password__w32_char_05.c	476	CWE256_Plaintext_Storage_of_Password__w32_char_05.c	506
/home/swlab-jueon/swvul/tools/java-vuln-detection/slicing/output/CPG/c/cwe256_cpg/cwe256-6-cpg-resolved.bin	tc6_flow1	CWE256_Plaintext_Storage_of_Password__w32_char_06.c	48	CWE256_Plaintext_Storage_of_Password__w32_char_06.c	67
/home/swlab-jueon/swvul/tools/java-vuln-detection/slicing/output/CPG/c/cwe256_cpg/cwe256-6-cpg-resolved.bin	tc6_flow2	CWE256_Plaintext_Storage_of_Password__w32_char_06.c	104	CWE256_Plaintext_Storage_of_Password__w32_char_06.c	182
/home/swlab-jueon/swvul/tools/java-vuln-detection/slicing/output/CPG/c/cwe256_cpg/cwe256-6-cpg-resolved.bin	tc6_flow3	CWE256_Plaintext_Storage_of_Password__w32_char_06.c	215	CWE256_Plaintext_Storage_of_Password__w32_char_06.c	288
/home/swlab-jueon/swvul/tools/java-vuln-detection/slicing/output/CPG/c/cwe256_cpg/cwe256-6-cpg-resolved.bin	tc6_flow4	CWE256_Plaintext_Storage_of_Password__w32_char_06.c	369	CWE256_Plaintext_Storage_of_Password__w32_char_06.c	399
/home/swlab-jueon/swvul/tools/java-vuln-detection/slicing/output/CPG/c/cwe256_cpg/cwe256-6-cpg-resolved.bin	tc6_flow5	CWE256_Plaintext_Storage_of_Password__w32_char_06.c	475	CWE256_Plaintext_Storage_of_Password__w32_char_06.c	505
/home/swlab-jueon/swvul/tools/java-vuln-detection/slicing/output/CPG/c/cwe256_cpg/cwe256-7-cpg-resolved.bin	tc7_flow1	CWE256_Plaintext_Storage_of_Password__w32_char_07.c	48	CWE256_Plaintext_Storage_of_Password__w32_char_07.c	67
/home/swlab-jueon/swvul/tools/java-vuln-detection/slicing/output/CPG/c/cwe256_cpg/cwe256-7-cpg-resolved.bin	tc7_flow2	CWE256_Plaintext_Storage_of_Password__w32_char_07.c	104	CWE256_Plaintext_Storage_of_Password__w32_char_07.c	182
/home/swlab-jueon/swvul/tools/java-vuln-detection/slicing/output/CPG/c/cwe256_cpg/cwe256-7-cpg-resolved.bin	tc7_flow3	CWE256_Plaintext_Storage_of_Password__w32_char_07.c	215	CWE256_Plaintext_Storage_of_Password__w32_char_07.c	288
/home/swlab-jueon/swvul/tools/java-vuln-detection/slicing/output/CPG/c/cwe256_cpg/cwe256-7-cpg-resolved.bin	tc7_flow4	CWE256_Plaintext_Storage_of_Password__w32_char_07.c	369	CWE256_Plaintext_Storage_of_Password__w32_char_07.c	399
/home/swlab-jueon/swvul/tools/java-vuln-detection/slicing/output/CPG/c/cwe256_cpg/cwe256-7-cpg-resolved.bin	tc7_flow5	CWE256_Plaintext_Storage_of_Password__w32_char_07.c	475	CWE256_Plaintext_Storage_of_Password__w32_char_07.c	505
/home/swlab-jueon/swvul/tools/java-vuln-detection/slicing/output/CPG/c/cwe256_cpg/cwe256-8-cpg-resolved.bin	tc8_flow1	CWE256_Plaintext_Storage_of_Password__w32_char_08.c	56	CWE256_Plaintext_Storage_of_Password__w32_char_08.c	75
/home/swlab-jueon/swvul/tools/java-vuln-detection/slicing/output/CPG/c/cwe256_cpg/cwe256-8-cpg-resolved.bin	tc8_flow2	CWE256_Plaintext_Storage_of_Password__w32_char_08.c	112	CWE256_Plaintext_Storage_of_Password__w32_char_08.c	190
/home/swlab-jueon/swvul/tools/java-vuln-detection/slicing/output/CPG/c/cwe256_cpg/cwe256-8-cpg-resolved.bin	tc8_flow3	CWE256_Plaintext_Storage_of_Password__w32_char_08.c	223	CWE256_Plaintext_Storage_of_Password__w32_char_08.c	296
/home/swlab-jueon/swvul/tools/java-vuln-detection/slicing/output/CPG/c/cwe256_cpg/cwe256-8-cpg-resolved.bin	tc8_flow4	CWE256_Plaintext_Storage_of_Password__w32_char_08.c	377	CWE256_Plaintext_Storage_of_Password__w32_char_08.c	407
/home/swlab-jueon/swvul/tools/java-vuln-detection/slicing/output/CPG/c/cwe256_cpg/cwe256-8-cpg-resolved.bin	tc8_flow5	CWE256_Plaintext_Storage_of_Password__w32_char_08.c	483	CWE256_Plaintext_Storage_of_Password__w32_char_08.c	513
/home/swlab-jueon/swvul/tools/java-vuln-detection/slicing/output/CPG/c/cwe256_cpg/cwe256-9-cpg-resolved.bin	tc9_flow1	CWE256_Plaintext_Storage_of_Password__w32_char_09.c	43	CWE256_Plaintext_Storage_of_Password__w32_char_09.c	62
/home/swlab-jueon/swvul/tools/java-vuln-detection/slicing/output/CPG/c/cwe256_cpg/cwe256-9-cpg-resolved.bin	tc9_flow2	CWE256_Plaintext_Storage_of_Password__w32_char_09.c	99	CWE256_Plaintext_Storage_of_Password__w32_char_09.c	177
/home/swlab-jueon/swvul/tools/java-vuln-detection/slicing/output/CPG/c/cwe256_cpg/cwe256-9-cpg-resolved.bin	tc9_flow3	CWE256_Plaintext_Storage_of_Password__w32_char_09.c	210	CWE256_Plaintext_Storage_of_Password__w32_char_09.c	283
/home/swlab-jueon/swvul/tools/java-vuln-detection/slicing/output/CPG/c/cwe256_cpg/cwe256-9-cpg-resolved.bin	tc9_flow4	CWE256_Plaintext_Storage_of_Password__w32_char_09.c	364	CWE256_Plaintext_Storage_of_Password__w32_char_09.c	394
/home/swlab-jueon/swvul/tools/java-vuln-detection/slicing/output/CPG/c/cwe256_cpg/cwe256-9-cpg-resolved.bin	tc9_flow5	CWE256_Plaintext_Storage_of_Password__w32_char_09.c	470	CWE256_Plaintext_Storage_of_Password__w32_char_09.c	500
/home/swlab-jueon/swvul/tools/java-vuln-detection/slicing/output/CPG/c/cwe256_cpg/cwe256-10-cpg-resolved.bin	tc10_flow1	CWE256_Plaintext_Storage_of_Password__w32_char_10.c	43	CWE256_Plaintext_Storage_of_Password__w32_char_10.c	62
/home/swlab-jueon/swvul/tools/java-vuln-detection/slicing/output/CPG/c/cwe256_cpg/cwe256-10-cpg-resolved.bin	tc10_flow2	CWE256_Plaintext_Storage_of_Password__w32_char_10.c	99	CWE256_Plaintext_Storage_of_Password__w32_char_10.c	177
/home/swlab-jueon/swvul/tools/java-vuln-detection/slicing/output/CPG/c/cwe256_cpg/cwe256-10-cpg-resolved.bin	tc10_flow3	CWE256_Plaintext_Storage_of_Password__w32_char_10.c	210	CWE256_Plaintext_Storage_of_Password__w32_char_10.c	283
/home/swlab-jueon/swvul/tools/java-vuln-detection/slicing/output/CPG/c/cwe256_cpg/cwe256-10-cpg-resolved.bin	tc10_flow4	CWE256_Plaintext_Storage_of_Password__w32_char_10.c	364	CWE256_Plaintext_Storage_of_Password__w32_char_10.c	394
/home/swlab-jueon/swvul/tools/java-vuln-detection/slicing/output/CPG/c/cwe256_cpg/cwe256-10-cpg-resolved.bin	tc10_flow5	CWE256_Plaintext_Storage_of_Password__w32_char_10.c	470	CWE256_Plaintext_Storage_of_Password__w32_char_10.c	500
/home/swlab-jueon/swvul/tools/java-vuln-detection/slicing/output/CPG/c/cwe256_cpg/cwe256-11-cpg-resolved.bin	tc11_flow1	CWE256_Plaintext_Storage_of_Password__w32_char_11.c	43	CWE256_Plaintext_Storage_of_Password__w32_char_11.c	62
/home/swlab-jueon/swvul/tools/java-vuln-detection/slicing/output/CPG/c/cwe256_cpg/cwe256-11-cpg-resolved.bin	tc11_flow2	CWE256_Plaintext_Storage_of_Password__w32_char_11.c	99	CWE256_Plaintext_Storage_of_Password__w32_char_11.c	177
/home/swlab-jueon/swvul/tools/java-vuln-detection/slicing/output/CPG/c/cwe256_cpg/cwe256-11-cpg-resolved.bin	tc11_flow3	CWE256_Plaintext_Storage_of_Password__w32_char_11.c	210	CWE256_Plaintext_Storage_of_Password__w32_char_11.c	283
/home/swlab-jueon/swvul/tools/java-vuln-detection/slicing/output/CPG/c/cwe256_cpg/cwe256-11-cpg-resolved.bin	tc11_flow4	CWE256_Plaintext_Storage_of_Password__w32_char_11.c	364	CWE256_Plaintext_Storage_of_Password__w32_char_11.c	394
/home/swlab-jueon/swvul/tools/java-vuln-detection/slicing/output/CPG/c/cwe256_cpg/cwe256-11-cpg-resolved.bin	tc11_flow5	CWE256_Plaintext_Storage_of_Password__w32_char_11.c	470	CWE256_Plaintext_Storage_of_Password__w32_char_11.c	500
/home/swlab-jueon/swvul/tools/java-vuln-detection/slicing/output/CPG/c/cwe256_cpg/cwe256-12-cpg-resolved.bin	tc12_flow2	CWE256_Plaintext_Storage_of_Password__w32_char_12.c	253	CWE256_Plaintext_Storage_of_Password__w32_char_12.c	424
/home/swlab-jueon/swvul/tools/java-vuln-detection/slicing/output/CPG/c/cwe256_cpg/cwe256-12-cpg-resolved.bin	tc12_flow3	CWE256_Plaintext_Storage_of_Password__w32_char_12.c	502	CWE256_Plaintext_Storage_of_Password__w32_char_12.c	630
/home/swlab-jueon/swvul/tools/java-vuln-detection/slicing/output/CPG/c/cwe256_cpg/cwe256-13-cpg-resolved.bin	tc13_flow1	CWE256_Plaintext_Storage_of_Password__w32_char_13.c	43	CWE256_Plaintext_Storage_of_Password__w32_char_13.c	62
/home/swlab-jueon/swvul/tools/java-vuln-detection/slicing/output/CPG/c/cwe256_cpg/cwe256-13-cpg-resolved.bin	tc13_flow2	CWE256_Plaintext_Storage_of_Password__w32_char_13.c	99	CWE256_Plaintext_Storage_of_Password__w32_char_13.c	177
/home/swlab-jueon/swvul/tools/java-vuln-detection/slicing/output/CPG/c/cwe256_cpg/cwe256-13-cpg-resolved.bin	tc13_flow3	CWE256_Plaintext_Storage_of_Password__w32_char_13.c	210	CWE256_Plaintext_Storage_of_Password__w32_char_13.c	283
/home/swlab-jueon/swvul/tools/java-vuln-detection/slicing/output/CPG/c/cwe256_cpg/cwe256-13-cpg-resolved.bin	tc13_flow4	CWE256_Plaintext_Storage_of_Password__w32_char_13.c	364	CWE256_Plaintext_Storage_of_Password__w32_char_13.c	394
/home/swlab-jueon/swvul/tools/java-vuln-detection/slicing/output/CPG/c/cwe256_cpg/cwe256-13-cpg-resolved.bin	tc13_flow5	CWE256_Plaintext_Storage_of_Password__w32_char_13.c	470	CWE256_Plaintext_Storage_of_Password__w32_char_13.c	500
/home/swlab-jueon/swvul/tools/java-vuln-detection/slicing/output/CPG/c/cwe256_cpg/cwe256-14-cpg-resolved.bin	tc14_flow1	CWE256_Plaintext_Storage_of_Password__w32_char_14.c	43	CWE256_Plaintext_Storage_of_Password__w32_char_14.c	62
/home/swlab-jueon/swvul/tools/java-vuln-detection/slicing/output/CPG/c/cwe256_cpg/cwe256-14-cpg-resolved.bin	tc14_flow2	CWE256_Plaintext_Storage_of_Password__w32_char_14.c	99	CWE256_Plaintext_Storage_of_Password__w32_char_14.c	177
/home/swlab-jueon/swvul/tools/java-vuln-detection/slicing/output/CPG/c/cwe256_cpg/cwe256-14-cpg-resolved.bin	tc14_flow3	CWE256_Plaintext_Storage_of_Password__w32_char_14.c	210	CWE256_Plaintext_Storage_of_Password__w32_char_14.c	283
/home/swlab-jueon/swvul/tools/java-vuln-detection/slicing/output/CPG/c/cwe256_cpg/cwe256-14-cpg-resolved.bin	tc14_flow4	CWE256_Plaintext_Storage_of_Password__w32_char_14.c	364	CWE256_Plaintext_Storage_of_Password__w32_char_14.c	394
/home/swlab-jueon/swvul/tools/java-vuln-detection/slicing/output/CPG/c/cwe256_cpg/cwe256-14-cpg-resolved.bin	tc14_flow5	CWE256_Plaintext_Storage_of_Password__w32_char_14.c	470	CWE256_Plaintext_Storage_of_Password__w32_char_14.c	500
/home/swlab-jueon/swvul/tools/java-vuln-detection/slicing/output/CPG/c/cwe256_cpg/cwe256-15-cpg-resolved.bin	tc15_flow1	CWE256_Plaintext_Storage_of_Password__w32_char_15.c	44	CWE256_Plaintext_Storage_of_Password__w32_char_15.c	69
/home/swlab-jueon/swvul/tools/java-vuln-detection/slicing/output/CPG/c/cwe256_cpg/cwe256-15-cpg-resolved.bin	tc15_flow2	CWE256_Plaintext_Storage_of_Password__w32_char_15.c	112	CWE256_Plaintext_Storage_of_Password__w32_char_15.c	195
/home/swlab-jueon/swvul/tools/java-vuln-detection/slicing/output/CPG/c/cwe256_cpg/cwe256-15-cpg-resolved.bin	tc15_flow3	CWE256_Plaintext_Storage_of_Password__w32_char_15.c	230	CWE256_Plaintext_Storage_of_Password__w32_char_15.c	309
/home/swlab-jueon/swvul/tools/java-vuln-detection/slicing/output/CPG/c/cwe256_cpg/cwe256-15-cpg-resolved.bin	tc15_flow4	CWE256_Plaintext_Storage_of_Password__w32_char_15.c	395	CWE256_Plaintext_Storage_of_Password__w32_char_15.c	427
/home/swlab-jueon/swvul/tools/java-vuln-detection/slicing/output/CPG/c/cwe256_cpg/cwe256-15-cpg-resolved.bin	tc15_flow5	CWE256_Plaintext_Storage_of_Password__w32_char_15.c	509	CWE256_Plaintext_Storage_of_Password__w32_char_15.c	545
/home/swlab-jueon/swvul/tools/java-vuln-detection/slicing/output/CPG/c/cwe256_cpg/cwe256-16-cpg-resolved.bin	tc16_flow1	CWE256_Plaintext_Storage_of_Password__w32_char_16.c	43	CWE256_Plaintext_Storage_of_Password__w32_char_16.c	63
/home/swlab-jueon/swvul/tools/java-vuln-detection/slicing/output/CPG/c/cwe256_cpg/cwe256-16-cpg-resolved.bin	tc16_flow2	CWE256_Plaintext_Storage_of_Password__w32_char_16.c	101	CWE256_Plaintext_Storage_of_Password__w32_char_16.c	175
/home/swlab-jueon/swvul/tools/java-vuln-detection/slicing/output/CPG/c/cwe256_cpg/cwe256-16-cpg-resolved.bin	tc16_flow3	CWE256_Plaintext_Storage_of_Password__w32_char_16.c	252	CWE256_Plaintext_Storage_of_Password__w32_char_16.c	283
/home/swlab-jueon/swvul/tools/java-vuln-detection/slicing/output/CPG/c/cwe256_cpg/cwe256-17-cpg-resolved.bin	tc17_flow1	CWE256_Plaintext_Storage_of_Password__w32_char_17.c	44	CWE256_Plaintext_Storage_of_Password__w32_char_17.c	63
/home/swlab-jueon/swvul/tools/java-vuln-detection/slicing/output/CPG/c/cwe256_cpg/cwe256-17-cpg-resolved.bin	tc17_flow2	CWE256_Plaintext_Storage_of_Password__w32_char_17.c	101	CWE256_Plaintext_Storage_of_Password__w32_char_17.c	174
/home/swlab-jueon/swvul/tools/java-vuln-detection/slicing/output/CPG/c/cwe256_cpg/cwe256-17-cpg-resolved.bin	tc17_flow3	CWE256_Plaintext_Storage_of_Password__w32_char_17.c	251	CWE256_Plaintext_Storage_of_Password__w32_char_17.c	281
/home/swlab-jueon/swvul/tools/java-vuln-detection/slicing/output/CPG/c/cwe256_cpg/cwe256-18-cpg-resolved.bin	tc18_flow1	CWE256_Plaintext_Storage_of_Password__w32_char_18.c	43	CWE256_Plaintext_Storage_of_Password__w32_char_18.c	61
/home/swlab-jueon/swvul/tools/java-vuln-detection/slicing/output/CPG/c/cwe256_cpg/cwe256-18-cpg-resolved.bin	tc18_flow2	CWE256_Plaintext_Storage_of_Password__w32_char_18.c	97	CWE256_Plaintext_Storage_of_Password__w32_char_18.c	169
/home/swlab-jueon/swvul/tools/java-vuln-detection/slicing/output/CPG/c/cwe256_cpg/cwe256-18-cpg-resolved.bin	tc18_flow3	CWE256_Plaintext_Storage_of_Password__w32_char_18.c	244	CWE256_Plaintext_Storage_of_Password__w32_char_18.c	273
/home/swlab-jueon/swvul/tools/java-vuln-detection/slicing/output/CPG/c/cwe256_cpg/cwe256-19-cpg-resolved.bin	tc19_flow1	CWE256_Plaintext_Storage_of_Password__w32_char_21.c	72	CWE256_Plaintext_Storage_of_Password__w32_char_21.c	42
/home/swlab-jueon/swvul/tools/java-vuln-detection/slicing/output/CPG/c/cwe256_cpg/cwe256-19-cpg-resolved.bin	tc19_flow2	CWE256_Plaintext_Storage_of_Password__w32_char_21.c	195	CWE256_Plaintext_Storage_of_Password__w32_char_21.c	165
/home/swlab-jueon/swvul/tools/java-vuln-detection/slicing/output/CPG/c/cwe256_cpg/cwe256-19-cpg-resolved.bin	tc19_flow3	CWE256_Plaintext_Storage_of_Password__w32_char_21.c	304	CWE256_Plaintext_Storage_of_Password__w32_char_21.c	274
/home/swlab-jueon/swvul/tools/java-vuln-detection/slicing/output/CPG/c/cwe256_cpg/cwe256-19-cpg-resolved.bin	tc19_flow4	CWE256_Plaintext_Storage_of_Password__w32_char_21.c	402	CWE256_Plaintext_Storage_of_Password__w32_char_21.c	329
/home/swlab-jueon/swvul/tools/java-vuln-detection/slicing/output/CPG/c/cwe256_cpg/cwe256-20-cpg-resolved.bin	tc20_flow1	CWE256_Plaintext_Storage_of_Password__w32_char_22a.c	46	CWE256_Plaintext_Storage_of_Password__w32_char_22b.c	42
/home/swlab-jueon/swvul/tools/java-vuln-detection/slicing/output/CPG/c/cwe256_cpg/cwe256-20-cpg-resolved.bin	tc20_flow2	CWE256_Plaintext_Storage_of_Password__w32_char_22a.c	84	CWE256_Plaintext_Storage_of_Password__w32_char_22b.c	139
/home/swlab-jueon/swvul/tools/java-vuln-detection/slicing/output/CPG/c/cwe256_cpg/cwe256-20-cpg-resolved.bin	tc20_flow3	CWE256_Plaintext_Storage_of_Password__w32_char_22a.c	113	CWE256_Plaintext_Storage_of_Password__w32_char_22b.c	222
/home/swlab-jueon/swvul/tools/java-vuln-detection/slicing/output/CPG/c/cwe256_cpg/cwe256-20-cpg-resolved.bin	tc20_flow4	CWE256_Plaintext_Storage_of_Password__w32_char_22a.c	185	CWE256_Plaintext_Storage_of_Password__w32_char_22b.c	251
/home/swlab-jueon/swvul/tools/java-vuln-detection/slicing/output/CPG/c/cwe256_cpg/cwe256-21-cpg-resolved.bin	tc21_flow1	CWE256_Plaintext_Storage_of_Password__w32_char_31.c	41	CWE256_Plaintext_Storage_of_Password__w32_char_31.c	60
/home/swlab-jueon/swvul/tools/java-vuln-detection/slicing/output/CPG/c/cwe256_cpg/cwe256-21-cpg-resolved.bin	tc21_flow2	CWE256_Plaintext_Storage_of_Password__w32_char_31.c	199	CWE256_Plaintext_Storage_of_Password__w32_char_31.c	272
/home/swlab-jueon/swvul/tools/java-vuln-detection/slicing/output/CPG/c/cwe256_cpg/cwe256-21-cpg-resolved.bin	tc21_flow3	CWE256_Plaintext_Storage_of_Password__w32_char_31.c	138	CWE256_Plaintext_Storage_of_Password__w32_char_31.c	168
/home/swlab-jueon/swvul/tools/java-vuln-detection/slicing/output/CPG/c/cwe256_cpg/cwe256-22-cpg-resolved.bin	tc22_flow1	CWE256_Plaintext_Storage_of_Password__w32_char_32.c	45	CWE256_Plaintext_Storage_of_Password__w32_char_32.c	65
/home/swlab-jueon/swvul/tools/java-vuln-detection/slicing/output/CPG/c/cwe256_cpg/cwe256-22-cpg-resolved.bin	tc22_flow2	CWE256_Plaintext_Storage_of_Password__w32_char_32.c	213	CWE256_Plaintext_Storage_of_Password__w32_char_32.c	287
/home/swlab-jueon/swvul/tools/java-vuln-detection/slicing/output/CPG/c/cwe256_cpg/cwe256-22-cpg-resolved.bin	tc22_flow3	CWE256_Plaintext_Storage_of_Password__w32_char_32.c	147	CWE256_Plaintext_Storage_of_Password__w32_char_32.c	178
/home/swlab-jueon/swvul/tools/java-vuln-detection/slicing/output/CPG/c/cwe256_cpg/cwe256-23-cpg-resolved.bin	tc23_flow1	CWE256_Plaintext_Storage_of_Password__w32_char_33.cpp	45	CWE256_Plaintext_Storage_of_Password__w32_char_33.cpp	63
/home/swlab-jueon/swvul/tools/java-vuln-detection/slicing/output/CPG/c/cwe256_cpg/cwe256-23-cpg-resolved.bin	tc23_flow2	CWE256_Plaintext_Storage_of_Password__w32_char_33.cpp	203	CWE256_Plaintext_Storage_of_Password__w32_char_33.cpp	275
/home/swlab-jueon/swvul/tools/java-vuln-detection/slicing/output/CPG/c/cwe256_cpg/cwe256-23-cpg-resolved.bin	tc23_flow3	CWE256_Plaintext_Storage_of_Password__w32_char_33.cpp	142	CWE256_Plaintext_Storage_of_Password__w32_char_33.cpp	171
/home/swlab-jueon/swvul/tools/java-vuln-detection/slicing/output/CPG/c/cwe256_cpg/cwe256-24-cpg-resolved.bin	tc24_flow1	CWE256_Plaintext_Storage_of_Password__w32_char_34.c	48	CWE256_Plaintext_Storage_of_Password__w32_char_34.c	67
/home/swlab-jueon/swvul/tools/java-vuln-detection/slicing/output/CPG/c/cwe256_cpg/cwe256-24-cpg-resolved.bin	tc24_flow2	CWE256_Plaintext_Storage_of_Password__w32_char_34.c	208	CWE256_Plaintext_Storage_of_Password__w32_char_34.c	281
/home/swlab-jueon/swvul/tools/java-vuln-detection/slicing/output/CPG/c/cwe256_cpg/cwe256-24-cpg-resolved.bin	tc24_flow3	CWE256_Plaintext_Storage_of_Password__w32_char_34.c	146	CWE256_Plaintext_Storage_of_Password__w32_char_34.c	176
/home/swlab-jueon/swvul/tools/java-vuln-detection/slicing/output/CPG/c/cwe256_cpg/cwe256-25-cpg-resolved.bin	tc25_flow1	CWE256_Plaintext_Storage_of_Password__w32_char_41.c	66	CWE256_Plaintext_Storage_of_Password__w32_char_41.c	37
/home/swlab-jueon/swvul/tools/java-vuln-detection/slicing/output/CPG/c/cwe256_cpg/cwe256-25-cpg-resolved.bin	tc25_flow2	CWE256_Plaintext_Storage_of_Password__w32_char_41.c	280	CWE256_Plaintext_Storage_of_Password__w32_char_41.c	251
/home/swlab-jueon/swvul/tools/java-vuln-detection/slicing/output/CPG/c/cwe256_cpg/cwe256-25-cpg-resolved.bin	tc25_flow3	CWE256_Plaintext_Storage_of_Password__w32_char_41.c	164	CWE256_Plaintext_Storage_of_Password__w32_char_41.c	92
/home/swlab-jueon/swvul/tools/java-vuln-detection/slicing/output/CPG/c/cwe256_cpg/cwe256-26-cpg-resolved.bin	tc26_flow1	CWE256_Plaintext_Storage_of_Password__w32_char_42.c	38	CWE256_Plaintext_Storage_of_Password__w32_char_42.c	63
/home/swlab-jueon/swvul/tools/java-vuln-detection/slicing/output/CPG/c/cwe256_cpg/cwe256-26-cpg-resolved.bin	tc26_flow2	CWE256_Plaintext_Storage_of_Password__w32_char_42.c	200	CWE256_Plaintext_Storage_of_Password__w32_char_42.c	279
/home/swlab-jueon/swvul/tools/java-vuln-detection/slicing/output/CPG/c/cwe256_cpg/cwe256-26-cpg-resolved.bin	tc26_flow3	CWE256_Plaintext_Storage_of_Password__w32_char_42.c	137	CWE256_Plaintext_Storage_of_Password__w32_char_42.c	173
/home/swlab-jueon/swvul/tools/java-vuln-detection/slicing/output/CPG/c/cwe256_cpg/cwe256-27-cpg-resolved.bin	tc27_flow1	CWE256_Plaintext_Storage_of_Password__w32_char_43.cpp	41	CWE256_Plaintext_Storage_of_Password__w32_char_43.cpp	65
/home/swlab-jueon/swvul/tools/java-vuln-detection/slicing/output/CPG/c/cwe256_cpg/cwe256-27-cpg-resolved.bin	tc27_flow2	CWE256_Plaintext_Storage_of_Password__w32_char_43.cpp	201	CWE256_Plaintext_Storage_of_Password__w32_char_43.cpp	279
/home/swlab-jueon/swvul/tools/java-vuln-detection/slicing/output/CPG/c/cwe256_cpg/cwe256-27-cpg-resolved.bin	tc27_flow3	CWE256_Plaintext_Storage_of_Password__w32_char_43.cpp	139	CWE256_Plaintext_Storage_of_Password__w32_char_43.cpp	174
/home/swlab-jueon/swvul/tools/java-vuln-detection/slicing/output/CPG/c/cwe256_cpg/cwe256-28-cpg-resolved.bin	tc28_flow1	CWE256_Plaintext_Storage_of_Password__w32_char_44.c	68	CWE256_Plaintext_Storage_of_Password__w32_char_44.c	37
/home/swlab-jueon/swvul/tools/java-vuln-detection/slicing/output/CPG/c/cwe256_cpg/cwe256-28-cpg-resolved.bin	tc28_flow2	CWE256_Plaintext_Storage_of_Password__w32_char_44.c	285	CWE256_Plaintext_Storage_of_Password__w32_char_44.c	255
/home/swlab-jueon/swvul/tools/java-vuln-detection/slicing/output/CPG/c/cwe256_cpg/cwe256-28-cpg-resolved.bin	tc28_flow3	CWE256_Plaintext_Storage_of_Password__w32_char_44.c	168	CWE256_Plaintext_Storage_of_Password__w32_char_44.c	95
/home/swlab-jueon/swvul/tools/java-vuln-detection/slicing/output/CPG/c/cwe256_cpg/cwe256-29-cpg-resolved.bin	tc29_flow1	CWE256_Plaintext_Storage_of_Password__w32_char_45.c	71	CWE256_Plaintext_Storage_of_Password__w32_char_45.c	42
/home/swlab-jueon/swvul/tools/java-vuln-detection/slicing/output/CPG/c/cwe256_cpg/cwe256-29-cpg-resolved.bin	tc29_flow2	CWE256_Plaintext_Storage_of_Password__w32_char_45.c	289	CWE256_Plaintext_Storage_of_Password__w32_char_45.c	260
/home/swlab-jueon/swvul/tools/java-vuln-detection/slicing/output/CPG/c/cwe256_cpg/cwe256-29-cpg-resolved.bin	tc29_flow3	CWE256_Plaintext_Storage_of_Password__w32_char_45.c	171	CWE256_Plaintext_Storage_of_Password__w32_char_45.c	99
/home/swlab-jueon/swvul/tools/java-vuln-detection/slicing/output/CPG/c/cwe256_cpg/cwe256-30-cpg-resolved.bin	tc30_flow1	CWE256_Plaintext_Storage_of_Password__w32_char_51a.c	44	CWE256_Plaintext_Storage_of_Password__w32_char_51b.c	37
/home/swlab-jueon/swvul/tools/java-vuln-detection/slicing/output/CPG/c/cwe256_cpg/cwe256-30-cpg-resolved.bin	tc30_flow2	CWE256_Plaintext_Storage_of_Password__w32_char_51a.c	158	CWE256_Plaintext_Storage_of_Password__w32_char_51b.c	147
/home/swlab-jueon/swvul/tools/java-vuln-detection/slicing/output/CPG/c/cwe256_cpg/cwe256-30-cpg-resolved.bin	tc30_flow3	CWE256_Plaintext_Storage_of_Password__w32_char_51a.c	119	CWE256_Plaintext_Storage_of_Password__w32_char_51b.c	67
/home/swlab-jueon/swvul/tools/java-vuln-detection/slicing/output/CPG/c/cwe256_cpg/cwe256-31-cpg-resolved.bin	tc31_flow1	CWE256_Plaintext_Storage_of_Password__w32_char_52a.c	44	CWE256_Plaintext_Storage_of_Password__w32_char_52c.c	37
/home/swlab-jueon/swvul/tools/java-vuln-detection/slicing/output/CPG/c/cwe256_cpg/cwe256-31-cpg-resolved.bin	tc31_flow2	CWE256_Plaintext_Storage_of_Password__w32_char_52a.c	158	CWE256_Plaintext_Storage_of_Password__w32_char_52c.c	147
/home/swlab-jueon/swvul/tools/java-vuln-detection/slicing/output/CPG/c/cwe256_cpg/cwe256-31-cpg-resolved.bin	tc31_flow3	CWE256_Plaintext_Storage_of_Password__w32_char_52a.c	119	CWE256_Plaintext_Storage_of_Password__w32_char_52c.c	67
/home/swlab-jueon/swvul/tools/java-vuln-detection/slicing/output/CPG/c/cwe256_cpg/cwe256-32-cpg-resolved.bin	tc32_flow1	CWE256_Plaintext_Storage_of_Password__w32_char_53a.c	44	CWE256_Plaintext_Storage_of_Password__w32_char_53d.c	37
/home/swlab-jueon/swvul/tools/java-vuln-detection/slicing/output/CPG/c/cwe256_cpg/cwe256-32-cpg-resolved.bin	tc32_flow2	CWE256_Plaintext_Storage_of_Password__w32_char_53a.c	158	CWE256_Plaintext_Storage_of_Password__w32_char_53d.c	147
/home/swlab-jueon/swvul/tools/java-vuln-detection/slicing/output/CPG/c/cwe256_cpg/cwe256-32-cpg-resolved.bin	tc32_flow3	CWE256_Plaintext_Storage_of_Password__w32_char_53a.c	119	CWE256_Plaintext_Storage_of_Password__w32_char_53d.c	67
/home/swlab-jueon/swvul/tools/java-vuln-detection/slicing/output/CPG/c/cwe256_cpg/cwe256-33-cpg-resolved.bin	tc33_flow1	CWE256_Plaintext_Storage_of_Password__w32_char_54a.c	44	CWE256_Plaintext_Storage_of_Password__w32_char_54e.c	37
/home/swlab-jueon/swvul/tools/java-vuln-detection/slicing/output/CPG/c/cwe256_cpg/cwe256-33-cpg-resolved.bin	tc33_flow2	CWE256_Plaintext_Storage_of_Password__w32_char_54a.c	158	CWE256_Plaintext_Storage_of_Password__w32_char_54e.c	147
/home/swlab-jueon/swvul/tools/java-vuln-detection/slicing/output/CPG/c/cwe256_cpg/cwe256-33-cpg-resolved.bin	tc33_flow3	CWE256_Plaintext_Storage_of_Password__w32_char_54a.c	119	CWE256_Plaintext_Storage_of_Password__w32_char_54e.c	67
/home/swlab-jueon/swvul/tools/java-vuln-detection/slicing/output/CPG/c/cwe256_cpg/cwe256-34-cpg-resolved.bin	tc34_flow1	CWE256_Plaintext_Storage_of_Password__w32_char_61b.c	38	CWE256_Plaintext_Storage_of_Password__w32_char_61a.c	44
/home/swlab-jueon/swvul/tools/java-vuln-detection/slicing/output/CPG/c/cwe256_cpg/cwe256-34-cpg-resolved.bin	tc34_flow2	CWE256_Plaintext_Storage_of_Password__w32_char_61b.c	142	CWE256_Plaintext_Storage_of_Password__w32_char_61a.c	166
/home/swlab-jueon/swvul/tools/java-vuln-detection/slicing/output/CPG/c/cwe256_cpg/cwe256-34-cpg-resolved.bin	tc34_flow3	CWE256_Plaintext_Storage_of_Password__w32_char_61b.c	108	CWE256_Plaintext_Storage_of_Password__w32_char_61a.c	80
/home/swlab-jueon/swvul/tools/java-vuln-detection/slicing/output/CPG/c/cwe256_cpg/cwe256-35-cpg-resolved.bin	tc35_flow1	CWE256_Plaintext_Storage_of_Password__w32_char_62b.cpp	41	CWE256_Plaintext_Storage_of_Password__w32_char_62a.cpp	47
/home/swlab-jueon/swvul/tools/java-vuln-detection/slicing/output/CPG/c/cwe256_cpg/cwe256-35-cpg-resolved.bin	tc35_flow2	CWE256_Plaintext_Storage_of_Password__w32_char_62b.cpp	143	CWE256_Plaintext_Storage_of_Password__w32_char_62a.cpp	169
/home/swlab-jueon/swvul/tools/java-vuln-detection/slicing/output/CPG/c/cwe256_cpg/cwe256-35-cpg-resolved.bin	tc35_flow3	CWE256_Plaintext_Storage_of_Password__w32_char_62b.cpp	110	CWE256_Plaintext_Storage_of_Password__w32_char_62a.cpp	83
/home/swlab-jueon/swvul/tools/java-vuln-detection/slicing/output/CPG/c/cwe256_cpg/cwe256-36-cpg-resolved.bin	tc36_flow1	CWE256_Plaintext_Storage_of_Password__w32_char_63a.c	44	CWE256_Plaintext_Storage_of_Password__w32_char_63b.c	38
/home/swlab-jueon/swvul/tools/java-vuln-detection/slicing/output/CPG/c/cwe256_cpg/cwe256-36-cpg-resolved.bin	tc36_flow2	CWE256_Plaintext_Storage_of_Password__w32_char_63a.c	158	CWE256_Plaintext_Storage_of_Password__w32_char_63b.c	150
/home/swlab-jueon/swvul/tools/java-vuln-detection/slicing/output/CPG/c/cwe256_cpg/cwe256-36-cpg-resolved.bin	tc36_flow3	CWE256_Plaintext_Storage_of_Password__w32_char_63a.c	119	CWE256_Plaintext_Storage_of_Password__w32_char_63b.c	69
/home/swlab-jueon/swvul/tools/java-vuln-detection/slicing/output/CPG/c/cwe256_cpg/cwe256-37-cpg-resolved.bin	tc37_flow1	CWE256_Plaintext_Storage_of_Password__w32_char_64a.c	44	CWE256_Plaintext_Storage_of_Password__w32_char_64b.c	41
/home/swlab-jueon/swvul/tools/java-vuln-detection/slicing/output/CPG/c/cwe256_cpg/cwe256-37-cpg-resolved.bin	tc37_flow2	CWE256_Plaintext_Storage_of_Password__w32_char_64a.c	158	CWE256_Plaintext_Storage_of_Password__w32_char_64b.c	159
/home/swlab-jueon/swvul/tools/java-vuln-detection/slicing/output/CPG/c/cwe256_cpg/cwe256-37-cpg-resolved.bin	tc37_flow3	CWE256_Plaintext_Storage_of_Password__w32_char_64a.c	119	CWE256_Plaintext_Storage_of_Password__w32_char_64b.c	75
/home/swlab-jueon/swvul/tools/java-vuln-detection/slicing/output/CPG/c/cwe256_cpg/cwe256-38-cpg-resolved.bin	tc38_flow1	CWE256_Plaintext_Storage_of_Password__w32_char_65a.c	46	CWE256_Plaintext_Storage_of_Password__w32_char_65b.c	37
/home/swlab-jueon/swvul/tools/java-vuln-detection/slicing/output/CPG/c/cwe256_cpg/cwe256-38-cpg-resolved.bin	tc38_flow2	CWE256_Plaintext_Storage_of_Password__w32_char_65a.c	163	CWE256_Plaintext_Storage_of_Password__w32_char_65b.c	147
/home/swlab-jueon/swvul/tools/java-vuln-detection/slicing/output/CPG/c/cwe256_cpg/cwe256-38-cpg-resolved.bin	tc38_flow3	CWE256_Plaintext_Storage_of_Password__w32_char_65a.c	123	CWE256_Plaintext_Storage_of_Password__w32_char_65b.c	67
/home/swlab-jueon/swvul/tools/java-vuln-detection/slicing/output/CPG/c/cwe256_cpg/cwe256-39-cpg-resolved.bin	tc39_flow1	CWE256_Plaintext_Storage_of_Password__w32_char_66a.c	45	CWE256_Plaintext_Storage_of_Password__w32_char_66b.c	39
/home/swlab-jueon/swvul/tools/java-vuln-detection/slicing/output/CPG/c/cwe256_cpg/cwe256-39-cpg-resolved.bin	tc39_flow2	CWE256_Plaintext_Storage_of_Password__w32_char_66a.c	164	CWE256_Plaintext_Storage_of_Password__w32_char_66b.c	151
/home/swlab-jueon/swvul/tools/java-vuln-detection/slicing/output/CPG/c/cwe256_cpg/cwe256-39-cpg-resolved.bin	tc39_flow3	CWE256_Plaintext_Storage_of_Password__w32_char_66a.c	123	CWE256_Plaintext_Storage_of_Password__w32_char_66b.c	70
/home/swlab-jueon/swvul/tools/java-vuln-detection/slicing/output/CPG/c/cwe256_cpg/cwe256-40-cpg-resolved.bin	tc40_flow1	CWE256_Plaintext_Storage_of_Password__w32_char_67a.c	50	CWE256_Plaintext_Storage_of_Password__w32_char_67b.c	43
/home/swlab-jueon/swvul/tools/java-vuln-detection/slicing/output/CPG/c/cwe256_cpg/cwe256-40-cpg-resolved.bin	tc40_flow2	CWE256_Plaintext_Storage_of_Password__w32_char_67a.c	168	CWE256_Plaintext_Storage_of_Password__w32_char_67b.c	155
/home/swlab-jueon/swvul/tools/java-vuln-detection/slicing/output/CPG/c/cwe256_cpg/cwe256-40-cpg-resolved.bin	tc40_flow3	CWE256_Plaintext_Storage_of_Password__w32_char_67a.c	127	CWE256_Plaintext_Storage_of_Password__w32_char_67b.c	74
/home/swlab-jueon/swvul/tools/java-vuln-detection/slicing/output/CPG/c/cwe256_cpg/cwe256-41-cpg-resolved.bin	tc41_flow1	CWE256_Plaintext_Storage_of_Password__w32_char_68a.c	48	CWE256_Plaintext_Storage_of_Password__w32_char_68b.c	42
/home/swlab-jueon/swvul/tools/java-vuln-detection/slicing/output/CPG/c/cwe256_cpg/cwe256-41-cpg-resolved.bin	tc41_flow2	CWE256_Plaintext_Storage_of_Password__w32_char_68a.c	164	CWE256_Plaintext_Storage_of_Password__w32_char_68b.c	154
/home/swlab-jueon/swvul/tools/java-vuln-detection/slicing/output/CPG/c/cwe256_cpg/cwe256-41-cpg-resolved.bin	tc41_flow3	CWE256_Plaintext_Storage_of_Password__w32_char_68a.c	126	CWE256_Plaintext_Storage_of_Password__w32_char_68b.c	73
/home/swlab-jueon/swvul/tools/java-vuln-detection/slicing/output/CPG/c/cwe256_cpg/cwe256-42-cpg-resolved.bin	tc42_flow1	CWE256_Plaintext_Storage_of_Password__w32_char_72a.cpp	51	CWE256_Plaintext_Storage_of_Password__w32_char_72b.cpp	45
/home/swlab-jueon/swvul/tools/java-vuln-detection/slicing/output/CPG/c/cwe256_cpg/cwe256-42-cpg-resolved.bin	tc42_flow2	CWE256_Plaintext_Storage_of_Password__w32_char_72a.cpp	175	CWE256_Plaintext_Storage_of_Password__w32_char_72b.cpp	157
/home/swlab-jueon/swvul/tools/java-vuln-detection/slicing/output/CPG/c/cwe256_cpg/cwe256-42-cpg-resolved.bin	tc42_flow3	CWE256_Plaintext_Storage_of_Password__w32_char_72a.cpp	131	CWE256_Plaintext_Storage_of_Password__w32_char_72b.cpp	76
/home/swlab-jueon/swvul/tools/java-vuln-detection/slicing/output/CPG/c/cwe256_cpg/cwe256-43-cpg-resolved.bin	tc43_flow1	CWE256_Plaintext_Storage_of_Password__w32_char_73a.cpp	51	CWE256_Plaintext_Storage_of_Password__w32_char_73b.cpp	45
/home/swlab-jueon/swvul/tools/java-vuln-detection/slicing/output/CPG/c/cwe256_cpg/cwe256-43-cpg-resolved.bin	tc43_flow2	CWE256_Plaintext_Storage_of_Password__w32_char_73a.cpp	175	CWE256_Plaintext_Storage_of_Password__w32_char_73b.cpp	157
/home/swlab-jueon/swvul/tools/java-vuln-detection/slicing/output/CPG/c/cwe256_cpg/cwe256-43-cpg-resolved.bin	tc43_flow3	CWE256_Plaintext_Storage_of_Password__w32_char_73a.cpp	131	CWE256_Plaintext_Storage_of_Password__w32_char_73b.cpp	76
/home/swlab-jueon/swvul/tools/java-vuln-detection/slicing/output/CPG/c/cwe256_cpg/cwe256-44-cpg-resolved.bin	tc44_flow1	CWE256_Plaintext_Storage_of_Password__w32_char_74a.cpp	51	CWE256_Plaintext_Storage_of_Password__w32_char_74b.cpp	45
/home/swlab-jueon/swvul/tools/java-vuln-detection/slicing/output/CPG/c/cwe256_cpg/cwe256-44-cpg-resolved.bin	tc44_flow2	CWE256_Plaintext_Storage_of_Password__w32_char_74a.cpp	175	CWE256_Plaintext_Storage_of_Password__w32_char_74b.cpp	157
/home/swlab-jueon/swvul/tools/java-vuln-detection/slicing/output/CPG/c/cwe256_cpg/cwe256-44-cpg-resolved.bin	tc44_flow3	CWE256_Plaintext_Storage_of_Password__w32_char_74a.cpp	131	CWE256_Plaintext_Storage_of_Password__w32_char_74b.cpp	76
/home/swlab-jueon/swvul/tools/java-vuln-detection/slicing/output/CPG/c/cwe256_cpg/cwe256-45-cpg-resolved.bin	tc45_flow1	CWE256_Plaintext_Storage_of_Password__w32_char_81a.cpp	37	CWE256_Plaintext_Storage_of_Password__w32_char_81_bad.cpp	32
/home/swlab-jueon/swvul/tools/java-vuln-detection/slicing/output/CPG/c/cwe256_cpg/cwe256-45-cpg-resolved.bin	tc45_flow2	CWE256_Plaintext_Storage_of_Password__w32_char_81a.cpp	149	CWE256_Plaintext_Storage_of_Password__w32_char_81_goodB2G.cpp	86
/home/swlab-jueon/swvul/tools/java-vuln-detection/slicing/output/CPG/c/cwe256_cpg/cwe256-45-cpg-resolved.bin	tc45_flow3	CWE256_Plaintext_Storage_of_Password__w32_char_81a.cpp	111	CWE256_Plaintext_Storage_of_Password__w32_char_81_goodG2B.cpp	32
/home/swlab-jueon/swvul/tools/java-vuln-detection/slicing/output/CPG/c/cwe256_cpg/cwe256-46-cpg-resolved.bin	tc46_flow1	CWE256_Plaintext_Storage_of_Password__w32_char_82a.cpp	37	CWE256_Plaintext_Storage_of_Password__w32_char_82_bad.cpp	32
/home/swlab-jueon/swvul/tools/java-vuln-detection/slicing/output/CPG/c/cwe256_cpg/cwe256-46-cpg-resolved.bin	tc46_flow2	CWE256_Plaintext_Storage_of_Password__w32_char_82a.cpp	151	CWE256_Plaintext_Storage_of_Password__w32_char_82_goodB2G.cpp	86
/home/swlab-jueon/swvul/tools/java-vuln-detection/slicing/output/CPG/c/cwe256_cpg/cwe256-46-cpg-resolved.bin	tc46_flow3	CWE256_Plaintext_Storage_of_Password__w32_char_82a.cpp	112	CWE256_Plaintext_Storage_of_Password__w32_char_82_goodG2B.cpp	32
/home/swlab-jueon/swvul/tools/java-vuln-detection/slicing/output/CPG/c/cwe256_cpg/cwe256-47-cpg-resolved.bin	tc47_flow1	CWE256_Plaintext_Storage_of_Password__w32_char_83_bad.cpp	33	CWE256_Plaintext_Storage_of_Password__w32_char_83_bad.cpp	53
/home/swlab-jueon/swvul/tools/java-vuln-detection/slicing/output/CPG/c/cwe256_cpg/cwe256-47-cpg-resolved.bin	tc47_flow2	CWE256_Plaintext_Storage_of_Password__w32_char_83_goodB2G.cpp	33	CWE256_Plaintext_Storage_of_Password__w32_char_83_goodB2G.cpp	107
/home/swlab-jueon/swvul/tools/java-vuln-detection/slicing/output/CPG/c/cwe256_cpg/cwe256-47-cpg-resolved.bin	tc47_flow3	CWE256_Plaintext_Storage_of_Password__w32_char_83_goodG2B.cpp	76	CWE256_Plaintext_Storage_of_Password__w32_char_83_goodG2B.cpp	107
/home/swlab-jueon/swvul/tools/java-vuln-detection/slicing/output/CPG/c/cwe256_cpg/cwe256-48-cpg-resolved.bin	tc48_flow1	CWE256_Plaintext_Storage_of_Password__w32_char_84_bad.cpp	33	CWE256_Plaintext_Storage_of_Password__w32_char_84_bad.cpp	53
/home/swlab-jueon/swvul/tools/java-vuln-detection/slicing/output/CPG/c/cwe256_cpg/cwe256-48-cpg-resolved.bin	tc48_flow2	CWE256_Plaintext_Storage_of_Password__w32_char_84_goodB2G.cpp	33	CWE256_Plaintext_Storage_of_Password__w32_char_84_goodB2G.cpp	107
/home/swlab-jueon/swvul/tools/java-vuln-detection/slicing/output/CPG/c/cwe256_cpg/cwe256-48-cpg-resolved.bin	tc48_flow3	CWE256_Plaintext_Storage_of_Password__w32_char_84_goodG2B.cpp	76	CWE256_Plaintext_Storage_of_Password__w32_char_84_goodG2B.cpp	107
/home/swlab-jueon/swvul/tools/java-vuln-detection/slicing/output/CPG/c/cwe256_cpg/cwe256-49-cpg-resolved.bin	tc49_flow1	CWE256_Plaintext_Storage_of_Password__w32_wchar_t_01.c	41	CWE256_Plaintext_Storage_of_Password__w32_wchar_t_01.c	57
/home/swlab-jueon/swvul/tools/java-vuln-detection/slicing/output/CPG/c/cwe256_cpg/cwe256-49-cpg-resolved.bin	tc49_flow2	CWE256_Plaintext_Storage_of_Password__w32_wchar_t_01.c	191	CWE256_Plaintext_Storage_of_Password__w32_wchar_t_01.c	261
/home/swlab-jueon/swvul/tools/java-vuln-detection/slicing/output/CPG/c/cwe256_cpg/cwe256-49-cpg-resolved.bin	tc49_flow3	CWE256_Plaintext_Storage_of_Password__w32_wchar_t_01.c	134	CWE256_Plaintext_Storage_of_Password__w32_wchar_t_01.c	161
/home/swlab-jueon/swvul/tools/java-vuln-detection/slicing/output/CPG/c/cwe256_cpg/cwe256-50-cpg-resolved.bin	tc50_flow1	CWE256_Plaintext_Storage_of_Password__w32_wchar_t_02.c	43	CWE256_Plaintext_Storage_of_Password__w32_wchar_t_02.c	62
/home/swlab-jueon/swvul/tools/java-vuln-detection/slicing/output/CPG/c/cwe256_cpg/cwe256-50-cpg-resolved.bin	tc50_flow2	CWE256_Plaintext_Storage_of_Password__w32_wchar_t_02.c	99	CWE256_Plaintext_Storage_of_Password__w32_wchar_t_02.c	177
/home/swlab-jueon/swvul/tools/java-vuln-detection/slicing/output/CPG/c/cwe256_cpg/cwe256-50-cpg-resolved.bin	tc50_flow3	CWE256_Plaintext_Storage_of_Password__w32_wchar_t_02.c	210	CWE256_Plaintext_Storage_of_Password__w32_wchar_t_02.c	283
/home/swlab-jueon/swvul/tools/java-vuln-detection/slicing/output/CPG/c/cwe256_cpg/cwe256-50-cpg-resolved.bin	tc50_flow4	CWE256_Plaintext_Storage_of_Password__w32_wchar_t_02.c	364	CWE256_Plaintext_Storage_of_Password__w32_wchar_t_02.c	394
/home/swlab-jueon/swvul/tools/java-vuln-detection/slicing/output/CPG/c/cwe256_cpg/cwe256-50-cpg-resolved.bin	tc50_flow5	CWE256_Plaintext_Storage_of_Password__w32_wchar_t_02.c	470	CWE256_Plaintext_Storage_of_Password__w32_wchar_t_02.c	500
/home/swlab-jueon/swvul/tools/java-vuln-detection/slicing/output/CPG/c/cwe256_cpg/cwe256-51-cpg-resolved.bin	tc51_flow1	CWE256_Plaintext_Storage_of_Password__w32_wchar_t_03.c	43	CWE256_Plaintext_Storage_of_Password__w32_wchar_t_03.c	62
/home/swlab-jueon/swvul/tools/java-vuln-detection/slicing/output/CPG/c/cwe256_cpg/cwe256-51-cpg-resolved.bin	tc51_flow2	CWE256_Plaintext_Storage_of_Password__w32_wchar_t_03.c	99	CWE256_Plaintext_Storage_of_Password__w32_wchar_t_03.c	177
/home/swlab-jueon/swvul/tools/java-vuln-detection/slicing/output/CPG/c/cwe256_cpg/cwe256-51-cpg-resolved.bin	tc51_flow3	CWE256_Plaintext_Storage_of_Password__w32_wchar_t_03.c	210	CWE256_Plaintext_Storage_of_Password__w32_wchar_t_03.c	283
/home/swlab-jueon/swvul/tools/java-vuln-detection/slicing/output/CPG/c/cwe256_cpg/cwe256-51-cpg-resolved.bin	tc51_flow4	CWE256_Plaintext_Storage_of_Password__w32_wchar_t_03.c	364	CWE256_Plaintext_Storage_of_Password__w32_wchar_t_03.c	394
/home/swlab-jueon/swvul/tools/java-vuln-detection/slicing/output/CPG/c/cwe256_cpg/cwe256-51-cpg-resolved.bin	tc51_flow5	CWE256_Plaintext_Storage_of_Password__w32_wchar_t_03.c	470	CWE256_Plaintext_Storage_of_Password__w32_wchar_t_03.c	500
/home/swlab-jueon/swvul/tools/java-vuln-detection/slicing/output/CPG/c/cwe256_cpg/cwe256-52-cpg-resolved.bin	tc52_flow1	CWE256_Plaintext_Storage_of_Password__w32_wchar_t_04.c	49	CWE256_Plaintext_Storage_of_Password__w32_wchar_t_04.c	68
/home/swlab-jueon/swvul/tools/java-vuln-detection/slicing/output/CPG/c/cwe256_cpg/cwe256-52-cpg-resolved.bin	tc52_flow2	CWE256_Plaintext_Storage_of_Password__w32_wchar_t_04.c	105	CWE256_Plaintext_Storage_of_Password__w32_wchar_t_04.c	183
/home/swlab-jueon/swvul/tools/java-vuln-detection/slicing/output/CPG/c/cwe256_cpg/cwe256-52-cpg-resolved.bin	tc52_flow3	CWE256_Plaintext_Storage_of_Password__w32_wchar_t_04.c	216	CWE256_Plaintext_Storage_of_Password__w32_wchar_t_04.c	289
/home/swlab-jueon/swvul/tools/java-vuln-detection/slicing/output/CPG/c/cwe256_cpg/cwe256-52-cpg-resolved.bin	tc52_flow4	CWE256_Plaintext_Storage_of_Password__w32_wchar_t_04.c	370	CWE256_Plaintext_Storage_of_Password__w32_wchar_t_04.c	400
/home/swlab-jueon/swvul/tools/java-vuln-detection/slicing/output/CPG/c/cwe256_cpg/cwe256-52-cpg-resolved.bin	tc52_flow5	CWE256_Plaintext_Storage_of_Password__w32_wchar_t_04.c	476	CWE256_Plaintext_Storage_of_Password__w32_wchar_t_04.c	506
/home/swlab-jueon/swvul/tools/java-vuln-detection/slicing/output/CPG/c/cwe256_cpg/cwe256-53-cpg-resolved.bin	tc53_flow1	CWE256_Plaintext_Storage_of_Password__w32_wchar_t_05.c	49	CWE256_Plaintext_Storage_of_Password__w32_wchar_t_05.c	68
/home/swlab-jueon/swvul/tools/java-vuln-detection/slicing/output/CPG/c/cwe256_cpg/cwe256-53-cpg-resolved.bin	tc53_flow2	CWE256_Plaintext_Storage_of_Password__w32_wchar_t_05.c	105	CWE256_Plaintext_Storage_of_Password__w32_wchar_t_05.c	183
/home/swlab-jueon/swvul/tools/java-vuln-detection/slicing/output/CPG/c/cwe256_cpg/cwe256-53-cpg-resolved.bin	tc53_flow3	CWE256_Plaintext_Storage_of_Password__w32_wchar_t_05.c	216	CWE256_Plaintext_Storage_of_Password__w32_wchar_t_05.c	289
/home/swlab-jueon/swvul/tools/java-vuln-detection/slicing/output/CPG/c/cwe256_cpg/cwe256-53-cpg-resolved.bin	tc53_flow4	CWE256_Plaintext_Storage_of_Password__w32_wchar_t_05.c	370	CWE256_Plaintext_Storage_of_Password__w32_wchar_t_05.c	400
/home/swlab-jueon/swvul/tools/java-vuln-detection/slicing/output/CPG/c/cwe256_cpg/cwe256-53-cpg-resolved.bin	tc53_flow5	CWE256_Plaintext_Storage_of_Password__w32_wchar_t_05.c	476	CWE256_Plaintext_Storage_of_Password__w32_wchar_t_05.c	506
/home/swlab-jueon/swvul/tools/java-vuln-detection/slicing/output/CPG/c/cwe256_cpg/cwe256-54-cpg-resolved.bin	tc54_flow1	CWE256_Plaintext_Storage_of_Password__w32_wchar_t_06.c	48	CWE256_Plaintext_Storage_of_Password__w32_wchar_t_06.c	67
/home/swlab-jueon/swvul/tools/java-vuln-detection/slicing/output/CPG/c/cwe256_cpg/cwe256-54-cpg-resolved.bin	tc54_flow2	CWE256_Plaintext_Storage_of_Password__w32_wchar_t_06.c	104	CWE256_Plaintext_Storage_of_Password__w32_wchar_t_06.c	182
/home/swlab-jueon/swvul/tools/java-vuln-detection/slicing/output/CPG/c/cwe256_cpg/cwe256-54-cpg-resolved.bin	tc54_flow3	CWE256_Plaintext_Storage_of_Password__w32_wchar_t_06.c	215	CWE256_Plaintext_Storage_of_Password__w32_wchar_t_06.c	288
/home/swlab-jueon/swvul/tools/java-vuln-detection/slicing/output/CPG/c/cwe256_cpg/cwe256-54-cpg-resolved.bin	tc54_flow4	CWE256_Plaintext_Storage_of_Password__w32_wchar_t_06.c	369	CWE256_Plaintext_Storage_of_Password__w32_wchar_t_06.c	399
/home/swlab-jueon/swvul/tools/java-vuln-detection/slicing/output/CPG/c/cwe256_cpg/cwe256-54-cpg-resolved.bin	tc54_flow5	CWE256_Plaintext_Storage_of_Password__w32_wchar_t_06.c	475	CWE256_Plaintext_Storage_of_Password__w32_wchar_t_06.c	505
/home/swlab-jueon/swvul/tools/java-vuln-detection/slicing/output/CPG/c/cwe256_cpg/cwe256-55-cpg-resolved.bin	tc55_flow1	CWE256_Plaintext_Storage_of_Password__w32_wchar_t_07.c	48	CWE256_Plaintext_Storage_of_Password__w32_wchar_t_07.c	67
/home/swlab-jueon/swvul/tools/java-vuln-detection/slicing/output/CPG/c/cwe256_cpg/cwe256-55-cpg-resolved.bin	tc55_flow2	CWE256_Plaintext_Storage_of_Password__w32_wchar_t_07.c	104	CWE256_Plaintext_Storage_of_Password__w32_wchar_t_07.c	182
/home/swlab-jueon/swvul/tools/java-vuln-detection/slicing/output/CPG/c/cwe256_cpg/cwe256-55-cpg-resolved.bin	tc55_flow3	CWE256_Plaintext_Storage_of_Password__w32_wchar_t_07.c	215	CWE256_Plaintext_Storage_of_Password__w32_wchar_t_07.c	288
/home/swlab-jueon/swvul/tools/java-vuln-detection/slicing/output/CPG/c/cwe256_cpg/cwe256-55-cpg-resolved.bin	tc55_flow4	CWE256_Plaintext_Storage_of_Password__w32_wchar_t_07.c	369	CWE256_Plaintext_Storage_of_Password__w32_wchar_t_07.c	399
/home/swlab-jueon/swvul/tools/java-vuln-detection/slicing/output/CPG/c/cwe256_cpg/cwe256-55-cpg-resolved.bin	tc55_flow5	CWE256_Plaintext_Storage_of_Password__w32_wchar_t_07.c	475	CWE256_Plaintext_Storage_of_Password__w32_wchar_t_07.c	505
/home/swlab-jueon/swvul/tools/java-vuln-detection/slicing/output/CPG/c/cwe256_cpg/cwe256-56-cpg-resolved.bin	tc56_flow1	CWE256_Plaintext_Storage_of_Password__w32_wchar_t_08.c	56	CWE256_Plaintext_Storage_of_Password__w32_wchar_t_08.c	75
/home/swlab-jueon/swvul/tools/java-vuln-detection/slicing/output/CPG/c/cwe256_cpg/cwe256-56-cpg-resolved.bin	tc56_flow2	CWE256_Plaintext_Storage_of_Password__w32_wchar_t_08.c	112	CWE256_Plaintext_Storage_of_Password__w32_wchar_t_08.c	190
/home/swlab-jueon/swvul/tools/java-vuln-detection/slicing/output/CPG/c/cwe256_cpg/cwe256-56-cpg-resolved.bin	tc56_flow3	CWE256_Plaintext_Storage_of_Password__w32_wchar_t_08.c	223	CWE256_Plaintext_Storage_of_Password__w32_wchar_t_08.c	296
/home/swlab-jueon/swvul/tools/java-vuln-detection/slicing/output/CPG/c/cwe256_cpg/cwe256-56-cpg-resolved.bin	tc56_flow4	CWE256_Plaintext_Storage_of_Password__w32_wchar_t_08.c	377	CWE256_Plaintext_Storage_of_Password__w32_wchar_t_08.c	407
/home/swlab-jueon/swvul/tools/java-vuln-detection/slicing/output/CPG/c/cwe256_cpg/cwe256-56-cpg-resolved.bin	tc56_flow5	CWE256_Plaintext_Storage_of_Password__w32_wchar_t_08.c	483	CWE256_Plaintext_Storage_of_Password__w32_wchar_t_08.c	513
/home/swlab-jueon/swvul/tools/java-vuln-detection/slicing/output/CPG/c/cwe256_cpg/cwe256-57-cpg-resolved.bin	tc57_flow1	CWE256_Plaintext_Storage_of_Password__w32_wchar_t_09.c	43	CWE256_Plaintext_Storage_of_Password__w32_wchar_t_09.c	62
/home/swlab-jueon/swvul/tools/java-vuln-detection/slicing/output/CPG/c/cwe256_cpg/cwe256-57-cpg-resolved.bin	tc57_flow2	CWE256_Plaintext_Storage_of_Password__w32_wchar_t_09.c	99	CWE256_Plaintext_Storage_of_Password__w32_wchar_t_09.c	177
/home/swlab-jueon/swvul/tools/java-vuln-detection/slicing/output/CPG/c/cwe256_cpg/cwe256-57-cpg-resolved.bin	tc57_flow3	CWE256_Plaintext_Storage_of_Password__w32_wchar_t_09.c	210	CWE256_Plaintext_Storage_of_Password__w32_wchar_t_09.c	283
/home/swlab-jueon/swvul/tools/java-vuln-detection/slicing/output/CPG/c/cwe256_cpg/cwe256-57-cpg-resolved.bin	tc57_flow4	CWE256_Plaintext_Storage_of_Password__w32_wchar_t_09.c	364	CWE256_Plaintext_Storage_of_Password__w32_wchar_t_09.c	394
/home/swlab-jueon/swvul/tools/java-vuln-detection/slicing/output/CPG/c/cwe256_cpg/cwe256-57-cpg-resolved.bin	tc57_flow5	CWE256_Plaintext_Storage_of_Password__w32_wchar_t_09.c	470	CWE256_Plaintext_Storage_of_Password__w32_wchar_t_09.c	500
/home/swlab-jueon/swvul/tools/java-vuln-detection/slicing/output/CPG/c/cwe256_cpg/cwe256-58-cpg-resolved.bin	tc58_flow1	CWE256_Plaintext_Storage_of_Password__w32_wchar_t_10.c	43	CWE256_Plaintext_Storage_of_Password__w32_wchar_t_10.c	62
/home/swlab-jueon/swvul/tools/java-vuln-detection/slicing/output/CPG/c/cwe256_cpg/cwe256-58-cpg-resolved.bin	tc58_flow2	CWE256_Plaintext_Storage_of_Password__w32_wchar_t_10.c	99	CWE256_Plaintext_Storage_of_Password__w32_wchar_t_10.c	177
/home/swlab-jueon/swvul/tools/java-vuln-detection/slicing/output/CPG/c/cwe256_cpg/cwe256-58-cpg-resolved.bin	tc58_flow3	CWE256_Plaintext_Storage_of_Password__w32_wchar_t_10.c	210	CWE256_Plaintext_Storage_of_Password__w32_wchar_t_10.c	283
/home/swlab-jueon/swvul/tools/java-vuln-detection/slicing/output/CPG/c/cwe256_cpg/cwe256-58-cpg-resolved.bin	tc58_flow4	CWE256_Plaintext_Storage_of_Password__w32_wchar_t_10.c	364	CWE256_Plaintext_Storage_of_Password__w32_wchar_t_10.c	394
/home/swlab-jueon/swvul/tools/java-vuln-detection/slicing/output/CPG/c/cwe256_cpg/cwe256-58-cpg-resolved.bin	tc58_flow5	CWE256_Plaintext_Storage_of_Password__w32_wchar_t_10.c	470	CWE256_Plaintext_Storage_of_Password__w32_wchar_t_10.c	500
/home/swlab-jueon/swvul/tools/java-vuln-detection/slicing/output/CPG/c/cwe256_cpg/cwe256-59-cpg-resolved.bin	tc59_flow1	CWE256_Plaintext_Storage_of_Password__w32_wchar_t_11.c	43	CWE256_Plaintext_Storage_of_Password__w32_wchar_t_11.c	62
/home/swlab-jueon/swvul/tools/java-vuln-detection/slicing/output/CPG/c/cwe256_cpg/cwe256-59-cpg-resolved.bin	tc59_flow2	CWE256_Plaintext_Storage_of_Password__w32_wchar_t_11.c	99	CWE256_Plaintext_Storage_of_Password__w32_wchar_t_11.c	177
/home/swlab-jueon/swvul/tools/java-vuln-detection/slicing/output/CPG/c/cwe256_cpg/cwe256-59-cpg-resolved.bin	tc59_flow3	CWE256_Plaintext_Storage_of_Password__w32_wchar_t_11.c	210	CWE256_Plaintext_Storage_of_Password__w32_wchar_t_11.c	283
/home/swlab-jueon/swvul/tools/java-vuln-detection/slicing/output/CPG/c/cwe256_cpg/cwe256-59-cpg-resolved.bin	tc59_flow4	CWE256_Plaintext_Storage_of_Password__w32_wchar_t_11.c	364	CWE256_Plaintext_Storage_of_Password__w32_wchar_t_11.c	394
/home/swlab-jueon/swvul/tools/java-vuln-detection/slicing/output/CPG/c/cwe256_cpg/cwe256-59-cpg-resolved.bin	tc59_flow5	CWE256_Plaintext_Storage_of_Password__w32_wchar_t_11.c	470	CWE256_Plaintext_Storage_of_Password__w32_wchar_t_11.c	500
/home/swlab-jueon/swvul/tools/java-vuln-detection/slicing/output/CPG/c/cwe256_cpg/cwe256-60-cpg-resolved.bin	tc60_flow2	CWE256_Plaintext_Storage_of_Password__w32_wchar_t_12.c	253	CWE256_Plaintext_Storage_of_Password__w32_wchar_t_12.c	424
/home/swlab-jueon/swvul/tools/java-vuln-detection/slicing/output/CPG/c/cwe256_cpg/cwe256-60-cpg-resolved.bin	tc60_flow3	CWE256_Plaintext_Storage_of_Password__w32_wchar_t_12.c	502	CWE256_Plaintext_Storage_of_Password__w32_wchar_t_12.c	630
/home/swlab-jueon/swvul/tools/java-vuln-detection/slicing/output/CPG/c/cwe256_cpg/cwe256-61-cpg-resolved.bin	tc61_flow1	CWE256_Plaintext_Storage_of_Password__w32_wchar_t_13.c	43	CWE256_Plaintext_Storage_of_Password__w32_wchar_t_13.c	62
/home/swlab-jueon/swvul/tools/java-vuln-detection/slicing/output/CPG/c/cwe256_cpg/cwe256-61-cpg-resolved.bin	tc61_flow2	CWE256_Plaintext_Storage_of_Password__w32_wchar_t_13.c	99	CWE256_Plaintext_Storage_of_Password__w32_wchar_t_13.c	177
/home/swlab-jueon/swvul/tools/java-vuln-detection/slicing/output/CPG/c/cwe256_cpg/cwe256-61-cpg-resolved.bin	tc61_flow3	CWE256_Plaintext_Storage_of_Password__w32_wchar_t_13.c	210	CWE256_Plaintext_Storage_of_Password__w32_wchar_t_13.c	283
/home/swlab-jueon/swvul/tools/java-vuln-detection/slicing/output/CPG/c/cwe256_cpg/cwe256-61-cpg-resolved.bin	tc61_flow4	CWE256_Plaintext_Storage_of_Password__w32_wchar_t_13.c	364	CWE256_Plaintext_Storage_of_Password__w32_wchar_t_13.c	394
/home/swlab-jueon/swvul/tools/java-vuln-detection/slicing/output/CPG/c/cwe256_cpg/cwe256-61-cpg-resolved.bin	tc61_flow5	CWE256_Plaintext_Storage_of_Password__w32_wchar_t_13.c	470	CWE256_Plaintext_Storage_of_Password__w32_wchar_t_13.c	500
/home/swlab-jueon/swvul/tools/java-vuln-detection/slicing/output/CPG/c/cwe256_cpg/cwe256-62-cpg-resolved.bin	tc62_flow1	CWE256_Plaintext_Storage_of_Password__w32_wchar_t_14.c	43	CWE256_Plaintext_Storage_of_Password__w32_wchar_t_14.c	62
/home/swlab-jueon/swvul/tools/java-vuln-detection/slicing/output/CPG/c/cwe256_cpg/cwe256-62-cpg-resolved.bin	tc62_flow2	CWE256_Plaintext_Storage_of_Password__w32_wchar_t_14.c	99	CWE256_Plaintext_Storage_of_Password__w32_wchar_t_14.c	177
/home/swlab-jueon/swvul/tools/java-vuln-detection/slicing/output/CPG/c/cwe256_cpg/cwe256-62-cpg-resolved.bin	tc62_flow3	CWE256_Plaintext_Storage_of_Password__w32_wchar_t_14.c	210	CWE256_Plaintext_Storage_of_Password__w32_wchar_t_14.c	283
/home/swlab-jueon/swvul/tools/java-vuln-detection/slicing/output/CPG/c/cwe256_cpg/cwe256-62-cpg-resolved.bin	tc62_flow4	CWE256_Plaintext_Storage_of_Password__w32_wchar_t_14.c	364	CWE256_Plaintext_Storage_of_Password__w32_wchar_t_14.c	394
/home/swlab-jueon/swvul/tools/java-vuln-detection/slicing/output/CPG/c/cwe256_cpg/cwe256-62-cpg-resolved.bin	tc62_flow5	CWE256_Plaintext_Storage_of_Password__w32_wchar_t_14.c	470	CWE256_Plaintext_Storage_of_Password__w32_wchar_t_14.c	500
/home/swlab-jueon/swvul/tools/java-vuln-detection/slicing/output/CPG/c/cwe256_cpg/cwe256-63-cpg-resolved.bin	tc63_flow1	CWE256_Plaintext_Storage_of_Password__w32_wchar_t_15.c	44	CWE256_Plaintext_Storage_of_Password__w32_wchar_t_15.c	69
/home/swlab-jueon/swvul/tools/java-vuln-detection/slicing/output/CPG/c/cwe256_cpg/cwe256-63-cpg-resolved.bin	tc63_flow2	CWE256_Plaintext_Storage_of_Password__w32_wchar_t_15.c	112	CWE256_Plaintext_Storage_of_Password__w32_wchar_t_15.c	195
/home/swlab-jueon/swvul/tools/java-vuln-detection/slicing/output/CPG/c/cwe256_cpg/cwe256-63-cpg-resolved.bin	tc63_flow3	CWE256_Plaintext_Storage_of_Password__w32_wchar_t_15.c	230	CWE256_Plaintext_Storage_of_Password__w32_wchar_t_15.c	309
/home/swlab-jueon/swvul/tools/java-vuln-detection/slicing/output/CPG/c/cwe256_cpg/cwe256-63-cpg-resolved.bin	tc63_flow4	CWE256_Plaintext_Storage_of_Password__w32_wchar_t_15.c	395	CWE256_Plaintext_Storage_of_Password__w32_wchar_t_15.c	427
/home/swlab-jueon/swvul/tools/java-vuln-detection/slicing/output/CPG/c/cwe256_cpg/cwe256-63-cpg-resolved.bin	tc63_flow5	CWE256_Plaintext_Storage_of_Password__w32_wchar_t_15.c	509	CWE256_Plaintext_Storage_of_Password__w32_wchar_t_15.c	545
/home/swlab-jueon/swvul/tools/java-vuln-detection/slicing/output/CPG/c/cwe256_cpg/cwe256-64-cpg-resolved.bin	tc64_flow1	CWE256_Plaintext_Storage_of_Password__w32_wchar_t_16.c	43	CWE256_Plaintext_Storage_of_Password__w32_wchar_t_16.c	63
/home/swlab-jueon/swvul/tools/java-vuln-detection/slicing/output/CPG/c/cwe256_cpg/cwe256-64-cpg-resolved.bin	tc64_flow2	CWE256_Plaintext_Storage_of_Password__w32_wchar_t_16.c	101	CWE256_Plaintext_Storage_of_Password__w32_wchar_t_16.c	175
/home/swlab-jueon/swvul/tools/java-vuln-detection/slicing/output/CPG/c/cwe256_cpg/cwe256-64-cpg-resolved.bin	tc64_flow3	CWE256_Plaintext_Storage_of_Password__w32_wchar_t_16.c	252	CWE256_Plaintext_Storage_of_Password__w32_wchar_t_16.c	283
/home/swlab-jueon/swvul/tools/java-vuln-detection/slicing/output/CPG/c/cwe256_cpg/cwe256-65-cpg-resolved.bin	tc65_flow1	CWE256_Plaintext_Storage_of_Password__w32_wchar_t_17.c	44	CWE256_Plaintext_Storage_of_Password__w32_wchar_t_17.c	63
/home/swlab-jueon/swvul/tools/java-vuln-detection/slicing/output/CPG/c/cwe256_cpg/cwe256-65-cpg-resolved.bin	tc65_flow2	CWE256_Plaintext_Storage_of_Password__w32_wchar_t_17.c	101	CWE256_Plaintext_Storage_of_Password__w32_wchar_t_17.c	174
/home/swlab-jueon/swvul/tools/java-vuln-detection/slicing/output/CPG/c/cwe256_cpg/cwe256-65-cpg-resolved.bin	tc65_flow3	CWE256_Plaintext_Storage_of_Password__w32_wchar_t_17.c	251	CWE256_Plaintext_Storage_of_Password__w32_wchar_t_17.c	281
/home/swlab-jueon/swvul/tools/java-vuln-detection/slicing/output/CPG/c/cwe256_cpg/cwe256-66-cpg-resolved.bin	tc66_flow1	CWE256_Plaintext_Storage_of_Password__w32_wchar_t_18.c	43	CWE256_Plaintext_Storage_of_Password__w32_wchar_t_18.c	61
/home/swlab-jueon/swvul/tools/java-vuln-detection/slicing/output/CPG/c/cwe256_cpg/cwe256-66-cpg-resolved.bin	tc66_flow2	CWE256_Plaintext_Storage_of_Password__w32_wchar_t_18.c	97	CWE256_Plaintext_Storage_of_Password__w32_wchar_t_18.c	169
/home/swlab-jueon/swvul/tools/java-vuln-detection/slicing/output/CPG/c/cwe256_cpg/cwe256-66-cpg-resolved.bin	tc66_flow3	CWE256_Plaintext_Storage_of_Password__w32_wchar_t_18.c	244	CWE256_Plaintext_Storage_of_Password__w32_wchar_t_18.c	273
/home/swlab-jueon/swvul/tools/java-vuln-detection/slicing/output/CPG/c/cwe256_cpg/cwe256-67-cpg-resolved.bin	tc67_flow1	CWE256_Plaintext_Storage_of_Password__w32_wchar_t_21.c	72	CWE256_Plaintext_Storage_of_Password__w32_wchar_t_21.c	42
/home/swlab-jueon/swvul/tools/java-vuln-detection/slicing/output/CPG/c/cwe256_cpg/cwe256-67-cpg-resolved.bin	tc67_flow2	CWE256_Plaintext_Storage_of_Password__w32_wchar_t_21.c	195	CWE256_Plaintext_Storage_of_Password__w32_wchar_t_21.c	165
/home/swlab-jueon/swvul/tools/java-vuln-detection/slicing/output/CPG/c/cwe256_cpg/cwe256-67-cpg-resolved.bin	tc67_flow3	CWE256_Plaintext_Storage_of_Password__w32_wchar_t_21.c	304	CWE256_Plaintext_Storage_of_Password__w32_wchar_t_21.c	274
/home/swlab-jueon/swvul/tools/java-vuln-detection/slicing/output/CPG/c/cwe256_cpg/cwe256-67-cpg-resolved.bin	tc67_flow4	CWE256_Plaintext_Storage_of_Password__w32_wchar_t_21.c	402	CWE256_Plaintext_Storage_of_Password__w32_wchar_t_21.c	329
/home/swlab-jueon/swvul/tools/java-vuln-detection/slicing/output/CPG/c/cwe256_cpg/cwe256-68-cpg-resolved.bin	tc68_flow1	CWE256_Plaintext_Storage_of_Password__w32_wchar_t_22a.c	46	CWE256_Plaintext_Storage_of_Password__w32_wchar_t_22b.c	42
/home/swlab-jueon/swvul/tools/java-vuln-detection/slicing/output/CPG/c/cwe256_cpg/cwe256-68-cpg-resolved.bin	tc68_flow2	CWE256_Plaintext_Storage_of_Password__w32_wchar_t_22a.c	84	CWE256_Plaintext_Storage_of_Password__w32_wchar_t_22b.c	139
/home/swlab-jueon/swvul/tools/java-vuln-detection/slicing/output/CPG/c/cwe256_cpg/cwe256-68-cpg-resolved.bin	tc68_flow3	CWE256_Plaintext_Storage_of_Password__w32_wchar_t_22a.c	113	CWE256_Plaintext_Storage_of_Password__w32_wchar_t_22b.c	222
/home/swlab-jueon/swvul/tools/java-vuln-detection/slicing/output/CPG/c/cwe256_cpg/cwe256-68-cpg-resolved.bin	tc68_flow4	CWE256_Plaintext_Storage_of_Password__w32_wchar_t_22a.c	185	CWE256_Plaintext_Storage_of_Password__w32_wchar_t_22b.c	251
/home/swlab-jueon/swvul/tools/java-vuln-detection/slicing/output/CPG/c/cwe256_cpg/cwe256-69-cpg-resolved.bin	tc69_flow1	CWE256_Plaintext_Storage_of_Password__w32_wchar_t_31.c	41	CWE256_Plaintext_Storage_of_Password__w32_wchar_t_31.c	60
/home/swlab-jueon/swvul/tools/java-vuln-detection/slicing/output/CPG/c/cwe256_cpg/cwe256-69-cpg-resolved.bin	tc69_flow2	CWE256_Plaintext_Storage_of_Password__w32_wchar_t_31.c	199	CWE256_Plaintext_Storage_of_Password__w32_wchar_t_31.c	272
/home/swlab-jueon/swvul/tools/java-vuln-detection/slicing/output/CPG/c/cwe256_cpg/cwe256-69-cpg-resolved.bin	tc69_flow3	CWE256_Plaintext_Storage_of_Password__w32_wchar_t_31.c	138	CWE256_Plaintext_Storage_of_Password__w32_wchar_t_31.c	168
/home/swlab-jueon/swvul/tools/java-vuln-detection/slicing/output/CPG/c/cwe256_cpg/cwe256-70-cpg-resolved.bin	tc70_flow1	CWE256_Plaintext_Storage_of_Password__w32_wchar_t_32.c	45	CWE256_Plaintext_Storage_of_Password__w32_wchar_t_32.c	65
/home/swlab-jueon/swvul/tools/java-vuln-detection/slicing/output/CPG/c/cwe256_cpg/cwe256-70-cpg-resolved.bin	tc70_flow2	CWE256_Plaintext_Storage_of_Password__w32_wchar_t_32.c	213	CWE256_Plaintext_Storage_of_Password__w32_wchar_t_32.c	287
/home/swlab-jueon/swvul/tools/java-vuln-detection/slicing/output/CPG/c/cwe256_cpg/cwe256-70-cpg-resolved.bin	tc70_flow3	CWE256_Plaintext_Storage_of_Password__w32_wchar_t_32.c	147	CWE256_Plaintext_Storage_of_Password__w32_wchar_t_32.c	178
/home/swlab-jueon/swvul/tools/java-vuln-detection/slicing/output/CPG/c/cwe256_cpg/cwe256-71-cpg-resolved.bin	tc71_flow1	CWE256_Plaintext_Storage_of_Password__w32_wchar_t_33.cpp	45	CWE256_Plaintext_Storage_of_Password__w32_wchar_t_33.cpp	63
/home/swlab-jueon/swvul/tools/java-vuln-detection/slicing/output/CPG/c/cwe256_cpg/cwe256-71-cpg-resolved.bin	tc71_flow2	CWE256_Plaintext_Storage_of_Password__w32_wchar_t_33.cpp	203	CWE256_Plaintext_Storage_of_Password__w32_wchar_t_33.cpp	275
/home/swlab-jueon/swvul/tools/java-vuln-detection/slicing/output/CPG/c/cwe256_cpg/cwe256-71-cpg-resolved.bin	tc71_flow3	CWE256_Plaintext_Storage_of_Password__w32_wchar_t_33.cpp	142	CWE256_Plaintext_Storage_of_Password__w32_wchar_t_33.cpp	171
/home/swlab-jueon/swvul/tools/java-vuln-detection/slicing/output/CPG/c/cwe256_cpg/cwe256-72-cpg-resolved.bin	tc72_flow1	CWE256_Plaintext_Storage_of_Password__w32_wchar_t_34.c	48	CWE256_Plaintext_Storage_of_Password__w32_wchar_t_34.c	67
/home/swlab-jueon/swvul/tools/java-vuln-detection/slicing/output/CPG/c/cwe256_cpg/cwe256-72-cpg-resolved.bin	tc72_flow2	CWE256_Plaintext_Storage_of_Password__w32_wchar_t_34.c	208	CWE256_Plaintext_Storage_of_Password__w32_wchar_t_34.c	281
/home/swlab-jueon/swvul/tools/java-vuln-detection/slicing/output/CPG/c/cwe256_cpg/cwe256-72-cpg-resolved.bin	tc72_flow3	CWE256_Plaintext_Storage_of_Password__w32_wchar_t_34.c	146	CWE256_Plaintext_Storage_of_Password__w32_wchar_t_34.c	176
/home/swlab-jueon/swvul/tools/java-vuln-detection/slicing/output/CPG/c/cwe256_cpg/cwe256-73-cpg-resolved.bin	tc73_flow1	CWE256_Plaintext_Storage_of_Password__w32_wchar_t_41.c	66	CWE256_Plaintext_Storage_of_Password__w32_wchar_t_41.c	37
/home/swlab-jueon/swvul/tools/java-vuln-detection/slicing/output/CPG/c/cwe256_cpg/cwe256-73-cpg-resolved.bin	tc73_flow2	CWE256_Plaintext_Storage_of_Password__w32_wchar_t_41.c	280	CWE256_Plaintext_Storage_of_Password__w32_wchar_t_41.c	251
/home/swlab-jueon/swvul/tools/java-vuln-detection/slicing/output/CPG/c/cwe256_cpg/cwe256-73-cpg-resolved.bin	tc73_flow3	CWE256_Plaintext_Storage_of_Password__w32_wchar_t_41.c	164	CWE256_Plaintext_Storage_of_Password__w32_wchar_t_41.c	92
/home/swlab-jueon/swvul/tools/java-vuln-detection/slicing/output/CPG/c/cwe256_cpg/cwe256-74-cpg-resolved.bin	tc74_flow1	CWE256_Plaintext_Storage_of_Password__w32_wchar_t_42.c	38	CWE256_Plaintext_Storage_of_Password__w32_wchar_t_42.c	63
/home/swlab-jueon/swvul/tools/java-vuln-detection/slicing/output/CPG/c/cwe256_cpg/cwe256-74-cpg-resolved.bin	tc74_flow2	CWE256_Plaintext_Storage_of_Password__w32_wchar_t_42.c	200	CWE256_Plaintext_Storage_of_Password__w32_wchar_t_42.c	279
/home/swlab-jueon/swvul/tools/java-vuln-detection/slicing/output/CPG/c/cwe256_cpg/cwe256-74-cpg-resolved.bin	tc74_flow3	CWE256_Plaintext_Storage_of_Password__w32_wchar_t_42.c	137	CWE256_Plaintext_Storage_of_Password__w32_wchar_t_42.c	173
/home/swlab-jueon/swvul/tools/java-vuln-detection/slicing/output/CPG/c/cwe256_cpg/cwe256-75-cpg-resolved.bin	tc75_flow1	CWE256_Plaintext_Storage_of_Password__w32_wchar_t_43.cpp	41	CWE256_Plaintext_Storage_of_Password__w32_wchar_t_43.cpp	65
/home/swlab-jueon/swvul/tools/java-vuln-detection/slicing/output/CPG/c/cwe256_cpg/cwe256-75-cpg-resolved.bin	tc75_flow2	CWE256_Plaintext_Storage_of_Password__w32_wchar_t_43.cpp	201	CWE256_Plaintext_Storage_of_Password__w32_wchar_t_43.cpp	279
/home/swlab-jueon/swvul/tools/java-vuln-detection/slicing/output/CPG/c/cwe256_cpg/cwe256-75-cpg-resolved.bin	tc75_flow3	CWE256_Plaintext_Storage_of_Password__w32_wchar_t_43.cpp	139	CWE256_Plaintext_Storage_of_Password__w32_wchar_t_43.cpp	174
/home/swlab-jueon/swvul/tools/java-vuln-detection/slicing/output/CPG/c/cwe256_cpg/cwe256-76-cpg-resolved.bin	tc76_flow1	CWE256_Plaintext_Storage_of_Password__w32_wchar_t_44.c	68	CWE256_Plaintext_Storage_of_Password__w32_wchar_t_44.c	37
/home/swlab-jueon/swvul/tools/java-vuln-detection/slicing/output/CPG/c/cwe256_cpg/cwe256-76-cpg-resolved.bin	tc76_flow2	CWE256_Plaintext_Storage_of_Password__w32_wchar_t_44.c	285	CWE256_Plaintext_Storage_of_Password__w32_wchar_t_44.c	255
/home/swlab-jueon/swvul/tools/java-vuln-detection/slicing/output/CPG/c/cwe256_cpg/cwe256-76-cpg-resolved.bin	tc76_flow3	CWE256_Plaintext_Storage_of_Password__w32_wchar_t_44.c	168	CWE256_Plaintext_Storage_of_Password__w32_wchar_t_44.c	95
/home/swlab-jueon/swvul/tools/java-vuln-detection/slicing/output/CPG/c/cwe256_cpg/cwe256-77-cpg-resolved.bin	tc77_flow1	CWE256_Plaintext_Storage_of_Password__w32_wchar_t_45.c	71	CWE256_Plaintext_Storage_of_Password__w32_wchar_t_45.c	42
/home/swlab-jueon/swvul/tools/java-vuln-detection/slicing/output/CPG/c/cwe256_cpg/cwe256-77-cpg-resolved.bin	tc77_flow2	CWE256_Plaintext_Storage_of_Password__w32_wchar_t_45.c	289	CWE256_Plaintext_Storage_of_Password__w32_wchar_t_45.c	260
/home/swlab-jueon/swvul/tools/java-vuln-detection/slicing/output/CPG/c/cwe256_cpg/cwe256-77-cpg-resolved.bin	tc77_flow3	CWE256_Plaintext_Storage_of_Password__w32_wchar_t_45.c	171	CWE256_Plaintext_Storage_of_Password__w32_wchar_t_45.c	99
/home/swlab-jueon/swvul/tools/java-vuln-detection/slicing/output/CPG/c/cwe256_cpg/cwe256-78-cpg-resolved.bin	tc78_flow1	CWE256_Plaintext_Storage_of_Password__w32_wchar_t_51a.c	44	CWE256_Plaintext_Storage_of_Password__w32_wchar_t_51b.c	37
/home/swlab-jueon/swvul/tools/java-vuln-detection/slicing/output/CPG/c/cwe256_cpg/cwe256-78-cpg-resolved.bin	tc78_flow2	CWE256_Plaintext_Storage_of_Password__w32_wchar_t_51a.c	158	CWE256_Plaintext_Storage_of_Password__w32_wchar_t_51b.c	147
/home/swlab-jueon/swvul/tools/java-vuln-detection/slicing/output/CPG/c/cwe256_cpg/cwe256-78-cpg-resolved.bin	tc78_flow3	CWE256_Plaintext_Storage_of_Password__w32_wchar_t_51a.c	119	CWE256_Plaintext_Storage_of_Password__w32_wchar_t_51b.c	67
/home/swlab-jueon/swvul/tools/java-vuln-detection/slicing/output/CPG/c/cwe256_cpg/cwe256-79-cpg-resolved.bin	tc79_flow1	CWE256_Plaintext_Storage_of_Password__w32_wchar_t_52a.c	44	CWE256_Plaintext_Storage_of_Password__w32_wchar_t_52c.c	37
/home/swlab-jueon/swvul/tools/java-vuln-detection/slicing/output/CPG/c/cwe256_cpg/cwe256-79-cpg-resolved.bin	tc79_flow2	CWE256_Plaintext_Storage_of_Password__w32_wchar_t_52a.c	158	CWE256_Plaintext_Storage_of_Password__w32_wchar_t_52c.c	147
/home/swlab-jueon/swvul/tools/java-vuln-detection/slicing/output/CPG/c/cwe256_cpg/cwe256-79-cpg-resolved.bin	tc79_flow3	CWE256_Plaintext_Storage_of_Password__w32_wchar_t_52a.c	119	CWE256_Plaintext_Storage_of_Password__w32_wchar_t_52c.c	67
/home/swlab-jueon/swvul/tools/java-vuln-detection/slicing/output/CPG/c/cwe256_cpg/cwe256-80-cpg-resolved.bin	tc80_flow1	CWE256_Plaintext_Storage_of_Password__w32_wchar_t_53a.c	44	CWE256_Plaintext_Storage_of_Password__w32_wchar_t_53d.c	37
/home/swlab-jueon/swvul/tools/java-vuln-detection/slicing/output/CPG/c/cwe256_cpg/cwe256-80-cpg-resolved.bin	tc80_flow2	CWE256_Plaintext_Storage_of_Password__w32_wchar_t_53a.c	158	CWE256_Plaintext_Storage_of_Password__w32_wchar_t_53d.c	147
/home/swlab-jueon/swvul/tools/java-vuln-detection/slicing/output/CPG/c/cwe256_cpg/cwe256-80-cpg-resolved.bin	tc80_flow3	CWE256_Plaintext_Storage_of_Password__w32_wchar_t_53a.c	119	CWE256_Plaintext_Storage_of_Password__w32_wchar_t_53d.c	67
/home/swlab-jueon/swvul/tools/java-vuln-detection/slicing/output/CPG/c/cwe256_cpg/cwe256-81-cpg-resolved.bin	tc81_flow1	CWE256_Plaintext_Storage_of_Password__w32_wchar_t_54a.c	44	CWE256_Plaintext_Storage_of_Password__w32_wchar_t_54e.c	37
/home/swlab-jueon/swvul/tools/java-vuln-detection/slicing/output/CPG/c/cwe256_cpg/cwe256-81-cpg-resolved.bin	tc81_flow2	CWE256_Plaintext_Storage_of_Password__w32_wchar_t_54a.c	158	CWE256_Plaintext_Storage_of_Password__w32_wchar_t_54e.c	147
/home/swlab-jueon/swvul/tools/java-vuln-detection/slicing/output/CPG/c/cwe256_cpg/cwe256-81-cpg-resolved.bin	tc81_flow3	CWE256_Plaintext_Storage_of_Password__w32_wchar_t_54a.c	119	CWE256_Plaintext_Storage_of_Password__w32_wchar_t_54e.c	67
/home/swlab-jueon/swvul/tools/java-vuln-detection/slicing/output/CPG/c/cwe256_cpg/cwe256-82-cpg-resolved.bin	tc82_flow1	CWE256_Plaintext_Storage_of_Password__w32_wchar_t_61b.c	38	CWE256_Plaintext_Storage_of_Password__w32_wchar_t_61a.c	44
/home/swlab-jueon/swvul/tools/java-vuln-detection/slicing/output/CPG/c/cwe256_cpg/cwe256-82-cpg-resolved.bin	tc82_flow2	CWE256_Plaintext_Storage_of_Password__w32_wchar_t_61b.c	142	CWE256_Plaintext_Storage_of_Password__w32_wchar_t_61a.c	166
/home/swlab-jueon/swvul/tools/java-vuln-detection/slicing/output/CPG/c/cwe256_cpg/cwe256-82-cpg-resolved.bin	tc82_flow3	CWE256_Plaintext_Storage_of_Password__w32_wchar_t_61b.c	108	CWE256_Plaintext_Storage_of_Password__w32_wchar_t_61a.c	80
/home/swlab-jueon/swvul/tools/java-vuln-detection/slicing/output/CPG/c/cwe256_cpg/cwe256-83-cpg-resolved.bin	tc83_flow1	CWE256_Plaintext_Storage_of_Password__w32_wchar_t_62b.cpp	41	CWE256_Plaintext_Storage_of_Password__w32_wchar_t_62a.cpp	47
/home/swlab-jueon/swvul/tools/java-vuln-detection/slicing/output/CPG/c/cwe256_cpg/cwe256-83-cpg-resolved.bin	tc83_flow2	CWE256_Plaintext_Storage_of_Password__w32_wchar_t_62b.cpp	143	CWE256_Plaintext_Storage_of_Password__w32_wchar_t_62a.cpp	169
/home/swlab-jueon/swvul/tools/java-vuln-detection/slicing/output/CPG/c/cwe256_cpg/cwe256-83-cpg-resolved.bin	tc83_flow3	CWE256_Plaintext_Storage_of_Password__w32_wchar_t_62b.cpp	110	CWE256_Plaintext_Storage_of_Password__w32_wchar_t_62a.cpp	83
/home/swlab-jueon/swvul/tools/java-vuln-detection/slicing/output/CPG/c/cwe256_cpg/cwe256-84-cpg-resolved.bin	tc84_flow1	CWE256_Plaintext_Storage_of_Password__w32_wchar_t_63a.c	44	CWE256_Plaintext_Storage_of_Password__w32_wchar_t_63b.c	38
/home/swlab-jueon/swvul/tools/java-vuln-detection/slicing/output/CPG/c/cwe256_cpg/cwe256-84-cpg-resolved.bin	tc84_flow2	CWE256_Plaintext_Storage_of_Password__w32_wchar_t_63a.c	158	CWE256_Plaintext_Storage_of_Password__w32_wchar_t_63b.c	150
/home/swlab-jueon/swvul/tools/java-vuln-detection/slicing/output/CPG/c/cwe256_cpg/cwe256-84-cpg-resolved.bin	tc84_flow3	CWE256_Plaintext_Storage_of_Password__w32_wchar_t_63a.c	119	CWE256_Plaintext_Storage_of_Password__w32_wchar_t_63b.c	69
/home/swlab-jueon/swvul/tools/java-vuln-detection/slicing/output/CPG/c/cwe256_cpg/cwe256-85-cpg-resolved.bin	tc85_flow1	CWE256_Plaintext_Storage_of_Password__w32_wchar_t_64a.c	44	CWE256_Plaintext_Storage_of_Password__w32_wchar_t_64b.c	41
/home/swlab-jueon/swvul/tools/java-vuln-detection/slicing/output/CPG/c/cwe256_cpg/cwe256-85-cpg-resolved.bin	tc85_flow2	CWE256_Plaintext_Storage_of_Password__w32_wchar_t_64a.c	158	CWE256_Plaintext_Storage_of_Password__w32_wchar_t_64b.c	159
/home/swlab-jueon/swvul/tools/java-vuln-detection/slicing/output/CPG/c/cwe256_cpg/cwe256-85-cpg-resolved.bin	tc85_flow3	CWE256_Plaintext_Storage_of_Password__w32_wchar_t_64a.c	119	CWE256_Plaintext_Storage_of_Password__w32_wchar_t_64b.c	75
/home/swlab-jueon/swvul/tools/java-vuln-detection/slicing/output/CPG/c/cwe256_cpg/cwe256-86-cpg-resolved.bin	tc86_flow1	CWE256_Plaintext_Storage_of_Password__w32_wchar_t_65a.c	46	CWE256_Plaintext_Storage_of_Password__w32_wchar_t_65b.c	37
/home/swlab-jueon/swvul/tools/java-vuln-detection/slicing/output/CPG/c/cwe256_cpg/cwe256-86-cpg-resolved.bin	tc86_flow2	CWE256_Plaintext_Storage_of_Password__w32_wchar_t_65a.c	163	CWE256_Plaintext_Storage_of_Password__w32_wchar_t_65b.c	147
/home/swlab-jueon/swvul/tools/java-vuln-detection/slicing/output/CPG/c/cwe256_cpg/cwe256-86-cpg-resolved.bin	tc86_flow3	CWE256_Plaintext_Storage_of_Password__w32_wchar_t_65a.c	123	CWE256_Plaintext_Storage_of_Password__w32_wchar_t_65b.c	67
/home/swlab-jueon/swvul/tools/java-vuln-detection/slicing/output/CPG/c/cwe256_cpg/cwe256-87-cpg-resolved.bin	tc87_flow1	CWE256_Plaintext_Storage_of_Password__w32_wchar_t_66a.c	45	CWE256_Plaintext_Storage_of_Password__w32_wchar_t_66b.c	39
/home/swlab-jueon/swvul/tools/java-vuln-detection/slicing/output/CPG/c/cwe256_cpg/cwe256-87-cpg-resolved.bin	tc87_flow2	CWE256_Plaintext_Storage_of_Password__w32_wchar_t_66a.c	164	CWE256_Plaintext_Storage_of_Password__w32_wchar_t_66b.c	151
/home/swlab-jueon/swvul/tools/java-vuln-detection/slicing/output/CPG/c/cwe256_cpg/cwe256-87-cpg-resolved.bin	tc87_flow3	CWE256_Plaintext_Storage_of_Password__w32_wchar_t_66a.c	123	CWE256_Plaintext_Storage_of_Password__w32_wchar_t_66b.c	70
/home/swlab-jueon/swvul/tools/java-vuln-detection/slicing/output/CPG/c/cwe256_cpg/cwe256-88-cpg-resolved.bin	tc88_flow1	CWE256_Plaintext_Storage_of_Password__w32_wchar_t_67a.c	50	CWE256_Plaintext_Storage_of_Password__w32_wchar_t_67b.c	43
/home/swlab-jueon/swvul/tools/java-vuln-detection/slicing/output/CPG/c/cwe256_cpg/cwe256-88-cpg-resolved.bin	tc88_flow2	CWE256_Plaintext_Storage_of_Password__w32_wchar_t_67a.c	168	CWE256_Plaintext_Storage_of_Password__w32_wchar_t_67b.c	155
/home/swlab-jueon/swvul/tools/java-vuln-detection/slicing/output/CPG/c/cwe256_cpg/cwe256-88-cpg-resolved.bin	tc88_flow3	CWE256_Plaintext_Storage_of_Password__w32_wchar_t_67a.c	127	CWE256_Plaintext_Storage_of_Password__w32_wchar_t_67b.c	74
/home/swlab-jueon/swvul/tools/java-vuln-detection/slicing/output/CPG/c/cwe256_cpg/cwe256-89-cpg-resolved.bin	tc89_flow1	CWE256_Plaintext_Storage_of_Password__w32_wchar_t_68a.c	48	CWE256_Plaintext_Storage_of_Password__w32_wchar_t_68b.c	42
/home/swlab-jueon/swvul/tools/java-vuln-detection/slicing/output/CPG/c/cwe256_cpg/cwe256-89-cpg-resolved.bin	tc89_flow2	CWE256_Plaintext_Storage_of_Password__w32_wchar_t_68a.c	164	CWE256_Plaintext_Storage_of_Password__w32_wchar_t_68b.c	154
/home/swlab-jueon/swvul/tools/java-vuln-detection/slicing/output/CPG/c/cwe256_cpg/cwe256-89-cpg-resolved.bin	tc89_flow3	CWE256_Plaintext_Storage_of_Password__w32_wchar_t_68a.c	126	CWE256_Plaintext_Storage_of_Password__w32_wchar_t_68b.c	73
/home/swlab-jueon/swvul/tools/java-vuln-detection/slicing/output/CPG/c/cwe256_cpg/cwe256-90-cpg-resolved.bin	tc90_flow1	CWE256_Plaintext_Storage_of_Password__w32_wchar_t_72a.cpp	51	CWE256_Plaintext_Storage_of_Password__w32_wchar_t_72b.cpp	45
/home/swlab-jueon/swvul/tools/java-vuln-detection/slicing/output/CPG/c/cwe256_cpg/cwe256-90-cpg-resolved.bin	tc90_flow2	CWE256_Plaintext_Storage_of_Password__w32_wchar_t_72a.cpp	175	CWE256_Plaintext_Storage_of_Password__w32_wchar_t_72b.cpp	157
/home/swlab-jueon/swvul/tools/java-vuln-detection/slicing/output/CPG/c/cwe256_cpg/cwe256-90-cpg-resolved.bin	tc90_flow3	CWE256_Plaintext_Storage_of_Password__w32_wchar_t_72a.cpp	131	CWE256_Plaintext_Storage_of_Password__w32_wchar_t_72b.cpp	76
/home/swlab-jueon/swvul/tools/java-vuln-detection/slicing/output/CPG/c/cwe256_cpg/cwe256-91-cpg-resolved.bin	tc91_flow1	CWE256_Plaintext_Storage_of_Password__w32_wchar_t_73a.cpp	51	CWE256_Plaintext_Storage_of_Password__w32_wchar_t_73b.cpp	45
/home/swlab-jueon/swvul/tools/java-vuln-detection/slicing/output/CPG/c/cwe256_cpg/cwe256-91-cpg-resolved.bin	tc91_flow2	CWE256_Plaintext_Storage_of_Password__w32_wchar_t_73a.cpp	175	CWE256_Plaintext_Storage_of_Password__w32_wchar_t_73b.cpp	157
/home/swlab-jueon/swvul/tools/java-vuln-detection/slicing/output/CPG/c/cwe256_cpg/cwe256-91-cpg-resolved.bin	tc91_flow3	CWE256_Plaintext_Storage_of_Password__w32_wchar_t_73a.cpp	131	CWE256_Plaintext_Storage_of_Password__w32_wchar_t_73b.cpp	76
/home/swlab-jueon/swvul/tools/java-vuln-detection/slicing/output/CPG/c/cwe256_cpg/cwe256-92-cpg-resolved.bin	tc92_flow1	CWE256_Plaintext_Storage_of_Password__w32_wchar_t_74a.cpp	51	CWE256_Plaintext_Storage_of_Password__w32_wchar_t_74b.cpp	45
/home/swlab-jueon/swvul/tools/java-vuln-detection/slicing/output/CPG/c/cwe256_cpg/cwe256-92-cpg-resolved.bin	tc92_flow2	CWE256_Plaintext_Storage_of_Password__w32_wchar_t_74a.cpp	175	CWE256_Plaintext_Storage_of_Password__w32_wchar_t_74b.cpp	157
/home/swlab-jueon/swvul/tools/java-vuln-detection/slicing/output/CPG/c/cwe256_cpg/cwe256-92-cpg-resolved.bin	tc92_flow3	CWE256_Plaintext_Storage_of_Password__w32_wchar_t_74a.cpp	131	CWE256_Plaintext_Storage_of_Password__w32_wchar_t_74b.cpp	76
/home/swlab-jueon/swvul/tools/java-vuln-detection/slicing/output/CPG/c/cwe256_cpg/cwe256-93-cpg-resolved.bin	tc93_flow1	CWE256_Plaintext_Storage_of_Password__w32_wchar_t_81a.cpp	37	CWE256_Plaintext_Storage_of_Password__w32_wchar_t_81_bad.cpp	32
/home/swlab-jueon/swvul/tools/java-vuln-detection/slicing/output/CPG/c/cwe256_cpg/cwe256-93-cpg-resolved.bin	tc93_flow2	CWE256_Plaintext_Storage_of_Password__w32_wchar_t_81a.cpp	149	CWE256_Plaintext_Storage_of_Password__w32_wchar_t_81_goodB2G.cpp	86
/home/swlab-jueon/swvul/tools/java-vuln-detection/slicing/output/CPG/c/cwe256_cpg/cwe256-93-cpg-resolved.bin	tc93_flow3	CWE256_Plaintext_Storage_of_Password__w32_wchar_t_81a.cpp	111	CWE256_Plaintext_Storage_of_Password__w32_wchar_t_81_goodG2B.cpp	32
/home/swlab-jueon/swvul/tools/java-vuln-detection/slicing/output/CPG/c/cwe256_cpg/cwe256-94-cpg-resolved.bin	tc94_flow1	CWE256_Plaintext_Storage_of_Password__w32_wchar_t_82a.cpp	37	CWE256_Plaintext_Storage_of_Password__w32_wchar_t_82_bad.cpp	32
/home/swlab-jueon/swvul/tools/java-vuln-detection/slicing/output/CPG/c/cwe256_cpg/cwe256-94-cpg-resolved.bin	tc94_flow2	CWE256_Plaintext_Storage_of_Password__w32_wchar_t_82a.cpp	151	CWE256_Plaintext_Storage_of_Password__w32_wchar_t_82_goodB2G.cpp	86
/home/swlab-jueon/swvul/tools/java-vuln-detection/slicing/output/CPG/c/cwe256_cpg/cwe256-94-cpg-resolved.bin	tc94_flow3	CWE256_Plaintext_Storage_of_Password__w32_wchar_t_82a.cpp	112	CWE256_Plaintext_Storage_of_Password__w32_wchar_t_82_goodG2B.cpp	32
/home/swlab-jueon/swvul/tools/java-vuln-detection/slicing/output/CPG/c/cwe256_cpg/cwe256-95-cpg-resolved.bin	tc95_flow1	CWE256_Plaintext_Storage_of_Password__w32_wchar_t_83_bad.cpp	33	CWE256_Plaintext_Storage_of_Password__w32_wchar_t_83_bad.cpp	53
/home/swlab-jueon/swvul/tools/java-vuln-detection/slicing/output/CPG/c/cwe256_cpg/cwe256-95-cpg-resolved.bin	tc95_flow2	CWE256_Plaintext_Storage_of_Password__w32_wchar_t_83_goodB2G.cpp	33	CWE256_Plaintext_Storage_of_Password__w32_wchar_t_83_goodB2G.cpp	107
/home/swlab-jueon/swvul/tools/java-vuln-detection/slicing/output/CPG/c/cwe256_cpg/cwe256-95-cpg-resolved.bin	tc95_flow3	CWE256_Plaintext_Storage_of_Password__w32_wchar_t_83_goodG2B.cpp	76	CWE256_Plaintext_Storage_of_Password__w32_wchar_t_83_goodG2B.cpp	107
/home/swlab-jueon/swvul/tools/java-vuln-detection/slicing/output/CPG/c/cwe256_cpg/cwe256-96-cpg-resolved.bin	tc96_flow1	CWE256_Plaintext_Storage_of_Password__w32_wchar_t_84_bad.cpp	33	CWE256_Plaintext_Storage_of_Password__w32_wchar_t_84_bad.cpp	53
/home/swlab-jueon/swvul/tools/java-vuln-detection/slicing/output/CPG/c/cwe256_cpg/cwe256-96-cpg-resolved.bin	tc96_flow2	CWE256_Plaintext_Storage_of_Password__w32_wchar_t_84_goodB2G.cpp	33	CWE256_Plaintext_Storage_of_Password__w32_wchar_t_84_goodB2G.cpp	107
/home/swlab-jueon/swvul/tools/java-vuln-detection/slicing/output/CPG/c/cwe256_cpg/cwe256-96-cpg-resolved.bin	tc96_flow3	CWE256_Plaintext_Storage_of_Password__w32_wchar_t_84_goodG2B.cpp	76	CWE256_Plaintext_Storage_of_Password__w32_wchar_t_84_goodG2B.cpp	107
