/home/hyeonji/java-vuln-detection/slicing/output/CPG/cwe321_cpg/cwe321-1-cpg-resolved.bin	tc1_flow1	CWE321_Hard_Coded_Cryptographic_Key__basic_01.java	37	CWE321_Hard_Coded_Cryptographic_Key__basic_01.java	44
/home/hyeonji/java-vuln-detection/slicing/output/CPG/cwe321_cpg/cwe321-1-cpg-resolved.bin	tc1_flow2	CWE321_Hard_Coded_Cryptographic_Key__basic_01.java	72	CWE321_Hard_Coded_Cryptographic_Key__basic_01.java	85
/home/hyeonji/java-vuln-detection/slicing/output/CPG/cwe321_cpg/cwe321-2-cpg-resolved.bin	tc2_flow1	CWE321_Hard_Coded_Cryptographic_Key__basic_02.java	38	CWE321_Hard_Coded_Cryptographic_Key__basic_02.java	52
/home/hyeonji/java-vuln-detection/slicing/output/CPG/cwe321_cpg/cwe321-2-cpg-resolved.bin	tc2_flow2	CWE321_Hard_Coded_Cryptographic_Key__basic_02.java	83	CWE321_Hard_Coded_Cryptographic_Key__basic_02.java	98
/home/hyeonji/java-vuln-detection/slicing/output/CPG/cwe321_cpg/cwe321-2-cpg-resolved.bin	tc2_flow3	CWE321_Hard_Coded_Cryptographic_Key__basic_02.java	120	CWE321_Hard_Coded_Cryptographic_Key__basic_02.java	140
/home/hyeonji/java-vuln-detection/slicing/output/CPG/cwe321_cpg/cwe321-3-cpg-resolved.bin	tc3_flow1	CWE321_Hard_Coded_Cryptographic_Key__basic_03.java	38	CWE321_Hard_Coded_Cryptographic_Key__basic_03.java	52
/home/hyeonji/java-vuln-detection/slicing/output/CPG/cwe321_cpg/cwe321-3-cpg-resolved.bin	tc3_flow2	CWE321_Hard_Coded_Cryptographic_Key__basic_03.java	83	CWE321_Hard_Coded_Cryptographic_Key__basic_03.java	98
/home/hyeonji/java-vuln-detection/slicing/output/CPG/cwe321_cpg/cwe321-3-cpg-resolved.bin	tc3_flow3	CWE321_Hard_Coded_Cryptographic_Key__basic_03.java	120	CWE321_Hard_Coded_Cryptographic_Key__basic_03.java	140
/home/hyeonji/java-vuln-detection/slicing/output/CPG/cwe321_cpg/cwe321-4-cpg-resolved.bin	tc4_flow1	CWE321_Hard_Coded_Cryptographic_Key__basic_04.java	45	CWE321_Hard_Coded_Cryptographic_Key__basic_04.java	59
/home/hyeonji/java-vuln-detection/slicing/output/CPG/cwe321_cpg/cwe321-4-cpg-resolved.bin	tc4_flow2	CWE321_Hard_Coded_Cryptographic_Key__basic_04.java	90	CWE321_Hard_Coded_Cryptographic_Key__basic_04.java	105
/home/hyeonji/java-vuln-detection/slicing/output/CPG/cwe321_cpg/cwe321-4-cpg-resolved.bin	tc4_flow3	CWE321_Hard_Coded_Cryptographic_Key__basic_04.java	127	CWE321_Hard_Coded_Cryptographic_Key__basic_04.java	147
/home/hyeonji/java-vuln-detection/slicing/output/CPG/cwe321_cpg/cwe321-5-cpg-resolved.bin	tc5_flow1	CWE321_Hard_Coded_Cryptographic_Key__basic_05.java	45	CWE321_Hard_Coded_Cryptographic_Key__basic_05.java	59
/home/hyeonji/java-vuln-detection/slicing/output/CPG/cwe321_cpg/cwe321-5-cpg-resolved.bin	tc5_flow2	CWE321_Hard_Coded_Cryptographic_Key__basic_05.java	90	CWE321_Hard_Coded_Cryptographic_Key__basic_05.java	105
/home/hyeonji/java-vuln-detection/slicing/output/CPG/cwe321_cpg/cwe321-5-cpg-resolved.bin	tc5_flow3	CWE321_Hard_Coded_Cryptographic_Key__basic_05.java	127	CWE321_Hard_Coded_Cryptographic_Key__basic_05.java	147
/home/hyeonji/java-vuln-detection/slicing/output/CPG/cwe321_cpg/cwe321-6-cpg-resolved.bin	tc6_flow1	CWE321_Hard_Coded_Cryptographic_Key__basic_06.java	44	CWE321_Hard_Coded_Cryptographic_Key__basic_06.java	58
/home/hyeonji/java-vuln-detection/slicing/output/CPG/cwe321_cpg/cwe321-6-cpg-resolved.bin	tc6_flow2	CWE321_Hard_Coded_Cryptographic_Key__basic_06.java	89	CWE321_Hard_Coded_Cryptographic_Key__basic_06.java	104
/home/hyeonji/java-vuln-detection/slicing/output/CPG/cwe321_cpg/cwe321-6-cpg-resolved.bin	tc6_flow3	CWE321_Hard_Coded_Cryptographic_Key__basic_06.java	126	CWE321_Hard_Coded_Cryptographic_Key__basic_06.java	146
/home/hyeonji/java-vuln-detection/slicing/output/CPG/cwe321_cpg/cwe321-7-cpg-resolved.bin	tc7_flow1	CWE321_Hard_Coded_Cryptographic_Key__basic_07.java	44	CWE321_Hard_Coded_Cryptographic_Key__basic_07.java	58
/home/hyeonji/java-vuln-detection/slicing/output/CPG/cwe321_cpg/cwe321-7-cpg-resolved.bin	tc7_flow2	CWE321_Hard_Coded_Cryptographic_Key__basic_07.java	89	CWE321_Hard_Coded_Cryptographic_Key__basic_07.java	104
/home/hyeonji/java-vuln-detection/slicing/output/CPG/cwe321_cpg/cwe321-7-cpg-resolved.bin	tc7_flow3	CWE321_Hard_Coded_Cryptographic_Key__basic_07.java	126	CWE321_Hard_Coded_Cryptographic_Key__basic_07.java	146
/home/hyeonji/java-vuln-detection/slicing/output/CPG/cwe321_cpg/cwe321-8-cpg-resolved.bin	tc8_flow1	CWE321_Hard_Coded_Cryptographic_Key__basic_08.java	52	CWE321_Hard_Coded_Cryptographic_Key__basic_08.java	66
/home/hyeonji/java-vuln-detection/slicing/output/CPG/cwe321_cpg/cwe321-8-cpg-resolved.bin	tc8_flow2	CWE321_Hard_Coded_Cryptographic_Key__basic_08.java	97	CWE321_Hard_Coded_Cryptographic_Key__basic_08.java	112
/home/hyeonji/java-vuln-detection/slicing/output/CPG/cwe321_cpg/cwe321-8-cpg-resolved.bin	tc8_flow3	CWE321_Hard_Coded_Cryptographic_Key__basic_08.java	134	CWE321_Hard_Coded_Cryptographic_Key__basic_08.java	154
/home/hyeonji/java-vuln-detection/slicing/output/CPG/cwe321_cpg/cwe321-9-cpg-resolved.bin	tc9_flow1	CWE321_Hard_Coded_Cryptographic_Key__basic_09.java	38	CWE321_Hard_Coded_Cryptographic_Key__basic_09.java	52
/home/hyeonji/java-vuln-detection/slicing/output/CPG/cwe321_cpg/cwe321-9-cpg-resolved.bin	tc9_flow2	CWE321_Hard_Coded_Cryptographic_Key__basic_09.java	83	CWE321_Hard_Coded_Cryptographic_Key__basic_09.java	98
/home/hyeonji/java-vuln-detection/slicing/output/CPG/cwe321_cpg/cwe321-9-cpg-resolved.bin	tc9_flow3	CWE321_Hard_Coded_Cryptographic_Key__basic_09.java	120	CWE321_Hard_Coded_Cryptographic_Key__basic_09.java	140
/home/hyeonji/java-vuln-detection/slicing/output/CPG/cwe321_cpg/cwe321-10-cpg-resolved.bin	tc10_flow1	CWE321_Hard_Coded_Cryptographic_Key__basic_10.java	38	CWE321_Hard_Coded_Cryptographic_Key__basic_10.java	52
/home/hyeonji/java-vuln-detection/slicing/output/CPG/cwe321_cpg/cwe321-10-cpg-resolved.bin	tc10_flow2	CWE321_Hard_Coded_Cryptographic_Key__basic_10.java	83	CWE321_Hard_Coded_Cryptographic_Key__basic_10.java	98
/home/hyeonji/java-vuln-detection/slicing/output/CPG/cwe321_cpg/cwe321-10-cpg-resolved.bin	tc10_flow3	CWE321_Hard_Coded_Cryptographic_Key__basic_10.java	120	CWE321_Hard_Coded_Cryptographic_Key__basic_10.java	140
/home/hyeonji/java-vuln-detection/slicing/output/CPG/cwe321_cpg/cwe321-11-cpg-resolved.bin	tc11_flow1	CWE321_Hard_Coded_Cryptographic_Key__basic_11.java	38	CWE321_Hard_Coded_Cryptographic_Key__basic_11.java	52
/home/hyeonji/java-vuln-detection/slicing/output/CPG/cwe321_cpg/cwe321-11-cpg-resolved.bin	tc11_flow2	CWE321_Hard_Coded_Cryptographic_Key__basic_11.java	83	CWE321_Hard_Coded_Cryptographic_Key__basic_11.java	98
/home/hyeonji/java-vuln-detection/slicing/output/CPG/cwe321_cpg/cwe321-11-cpg-resolved.bin	tc11_flow3	CWE321_Hard_Coded_Cryptographic_Key__basic_11.java	120	CWE321_Hard_Coded_Cryptographic_Key__basic_11.java	140
/home/hyeonji/java-vuln-detection/slicing/output/CPG/cwe321_cpg/cwe321-12-cpg-resolved.bin	tc12_flow1	CWE321_Hard_Coded_Cryptographic_Key__basic_12.java	38	CWE321_Hard_Coded_Cryptographic_Key__basic_12.java	67
/home/hyeonji/java-vuln-detection/slicing/output/CPG/cwe321_cpg/cwe321-12-cpg-resolved.bin	tc12_flow2	CWE321_Hard_Coded_Cryptographic_Key__basic_12.java	90	CWE321_Hard_Coded_Cryptographic_Key__basic_12.java	125
/home/hyeonji/java-vuln-detection/slicing/output/CPG/cwe321_cpg/cwe321-13-cpg-resolved.bin	tc13_flow1	CWE321_Hard_Coded_Cryptographic_Key__basic_13.java	38	CWE321_Hard_Coded_Cryptographic_Key__basic_13.java	52
/home/hyeonji/java-vuln-detection/slicing/output/CPG/cwe321_cpg/cwe321-13-cpg-resolved.bin	tc13_flow2	CWE321_Hard_Coded_Cryptographic_Key__basic_13.java	83	CWE321_Hard_Coded_Cryptographic_Key__basic_13.java	98
/home/hyeonji/java-vuln-detection/slicing/output/CPG/cwe321_cpg/cwe321-13-cpg-resolved.bin	tc13_flow3	CWE321_Hard_Coded_Cryptographic_Key__basic_13.java	120	CWE321_Hard_Coded_Cryptographic_Key__basic_13.java	140
/home/hyeonji/java-vuln-detection/slicing/output/CPG/cwe321_cpg/cwe321-14-cpg-resolved.bin	tc14_flow1	CWE321_Hard_Coded_Cryptographic_Key__basic_14.java	38	CWE321_Hard_Coded_Cryptographic_Key__basic_14.java	52
/home/hyeonji/java-vuln-detection/slicing/output/CPG/cwe321_cpg/cwe321-14-cpg-resolved.bin	tc14_flow2	CWE321_Hard_Coded_Cryptographic_Key__basic_14.java	83	CWE321_Hard_Coded_Cryptographic_Key__basic_14.java	98
/home/hyeonji/java-vuln-detection/slicing/output/CPG/cwe321_cpg/cwe321-14-cpg-resolved.bin	tc14_flow3	CWE321_Hard_Coded_Cryptographic_Key__basic_14.java	120	CWE321_Hard_Coded_Cryptographic_Key__basic_14.java	140
/home/hyeonji/java-vuln-detection/slicing/output/CPG/cwe321_cpg/cwe321-15-cpg-resolved.bin	tc15_flow1	CWE321_Hard_Coded_Cryptographic_Key__basic_15.java	40	CWE321_Hard_Coded_Cryptographic_Key__basic_15.java	54
/home/hyeonji/java-vuln-detection/slicing/output/CPG/cwe321_cpg/cwe321-15-cpg-resolved.bin	tc15_flow2	CWE321_Hard_Coded_Cryptographic_Key__basic_15.java	83	CWE321_Hard_Coded_Cryptographic_Key__basic_15.java	98
/home/hyeonji/java-vuln-detection/slicing/output/CPG/cwe321_cpg/cwe321-15-cpg-resolved.bin	tc15_flow3	CWE321_Hard_Coded_Cryptographic_Key__basic_15.java	122	CWE321_Hard_Coded_Cryptographic_Key__basic_15.java	142
/home/hyeonji/java-vuln-detection/slicing/output/CPG/cwe321_cpg/cwe321-16-cpg-resolved.bin	tc16_flow1	CWE321_Hard_Coded_Cryptographic_Key__basic_16.java	39	CWE321_Hard_Coded_Cryptographic_Key__basic_16.java	48
/home/hyeonji/java-vuln-detection/slicing/output/CPG/cwe321_cpg/cwe321-16-cpg-resolved.bin	tc16_flow2	CWE321_Hard_Coded_Cryptographic_Key__basic_16.java	71	CWE321_Hard_Coded_Cryptographic_Key__basic_16.java	86
/home/hyeonji/java-vuln-detection/slicing/output/CPG/cwe321_cpg/cwe321-17-cpg-resolved.bin	tc17_flow1	CWE321_Hard_Coded_Cryptographic_Key__basic_17.java	37	CWE321_Hard_Coded_Cryptographic_Key__basic_17.java	46
/home/hyeonji/java-vuln-detection/slicing/output/CPG/cwe321_cpg/cwe321-17-cpg-resolved.bin	tc17_flow2	CWE321_Hard_Coded_Cryptographic_Key__basic_17.java	70	CWE321_Hard_Coded_Cryptographic_Key__basic_17.java	85
/home/hyeonji/java-vuln-detection/slicing/output/CPG/cwe321_cpg/cwe321-18-cpg-resolved.bin	tc18_flow1	CWE321_Hard_Coded_Cryptographic_Key__basic_21.java	63	CWE321_Hard_Coded_Cryptographic_Key__basic_21.java	47
/home/hyeonji/java-vuln-detection/slicing/output/CPG/cwe321_cpg/cwe321-19-cpg-resolved.bin	tc19_flow1	CWE321_Hard_Coded_Cryptographic_Key__basic_22b.java	36	CWE321_Hard_Coded_Cryptographic_Key__basic_22a.java	42
/home/hyeonji/java-vuln-detection/slicing/output/CPG/cwe321_cpg/cwe321-20-cpg-resolved.bin	tc20_flow1	CWE321_Hard_Coded_Cryptographic_Key__basic_31.java	40	CWE321_Hard_Coded_Cryptographic_Key__basic_31.java	52
/home/hyeonji/java-vuln-detection/slicing/output/CPG/cwe321_cpg/cwe321-20-cpg-resolved.bin	tc20_flow2	CWE321_Hard_Coded_Cryptographic_Key__basic_31.java	83	CWE321_Hard_Coded_Cryptographic_Key__basic_31.java	101
/home/hyeonji/java-vuln-detection/slicing/output/CPG/cwe321_cpg/cwe321-21-cpg-resolved.bin	tc21_flow1	CWE321_Hard_Coded_Cryptographic_Key__basic_41.java	53	CWE321_Hard_Coded_Cryptographic_Key__basic_41.java	39
/home/hyeonji/java-vuln-detection/slicing/output/CPG/cwe321_cpg/cwe321-22-cpg-resolved.bin	tc22_flow1	CWE321_Hard_Coded_Cryptographic_Key__basic_42.java	36	CWE321_Hard_Coded_Cryptographic_Key__basic_42.java	51
/home/hyeonji/java-vuln-detection/slicing/output/CPG/cwe321_cpg/cwe321-22-cpg-resolved.bin	tc22_flow2	CWE321_Hard_Coded_Cryptographic_Key__basic_42.java	73	CWE321_Hard_Coded_Cryptographic_Key__basic_42.java	94
/home/hyeonji/java-vuln-detection/slicing/output/CPG/cwe321_cpg/cwe321-23-cpg-resolved.bin	tc23_flow1	CWE321_Hard_Coded_Cryptographic_Key__basic_45.java	59	CWE321_Hard_Coded_Cryptographic_Key__basic_45.java	44
/home/hyeonji/java-vuln-detection/slicing/output/CPG/cwe321_cpg/cwe321-24-cpg-resolved.bin	tc24_flow1	CWE321_Hard_Coded_Cryptographic_Key__basic_51a.java	33	CWE321_Hard_Coded_Cryptographic_Key__basic_51b.java	33
/home/hyeonji/java-vuln-detection/slicing/output/CPG/cwe321_cpg/cwe321-25-cpg-resolved.bin	tc25_flow1	CWE321_Hard_Coded_Cryptographic_Key__basic_52a.java	34	CWE321_Hard_Coded_Cryptographic_Key__basic_52c.java	34
/home/hyeonji/java-vuln-detection/slicing/output/CPG/cwe321_cpg/cwe321-26-cpg-resolved.bin	tc26_flow1	CWE321_Hard_Coded_Cryptographic_Key__basic_53a.java	34	CWE321_Hard_Coded_Cryptographic_Key__basic_53d.java	34
/home/hyeonji/java-vuln-detection/slicing/output/CPG/cwe321_cpg/cwe321-27-cpg-resolved.bin	tc27_flow1	CWE321_Hard_Coded_Cryptographic_Key__basic_54a.java	34	CWE321_Hard_Coded_Cryptographic_Key__basic_54e.java	34
/home/hyeonji/java-vuln-detection/slicing/output/CPG/cwe321_cpg/cwe321-28-cpg-resolved.bin	tc28_flow1	CWE321_Hard_Coded_Cryptographic_Key__basic_61b.java	34	CWE321_Hard_Coded_Cryptographic_Key__basic_61a.java	35
/home/hyeonji/java-vuln-detection/slicing/output/CPG/cwe321_cpg/cwe321-28-cpg-resolved.bin	tc28_flow2	CWE321_Hard_Coded_Cryptographic_Key__basic_61b.java	53	CWE321_Hard_Coded_Cryptographic_Key__basic_61b.java	61
/home/hyeonji/java-vuln-detection/slicing/output/CPG/cwe321_cpg/cwe321-29-cpg-resolved.bin	tc29_flow1	CWE321_Hard_Coded_Cryptographic_Key__basic_66a.java	34	CWE321_Hard_Coded_Cryptographic_Key__basic_66b.java	35
/home/hyeonji/java-vuln-detection/slicing/output/CPG/cwe321_cpg/cwe321-30-cpg-resolved.bin	tc30_flow1	CWE321_Hard_Coded_Cryptographic_Key__basic_67a.java	39	CWE321_Hard_Coded_Cryptographic_Key__basic_67b.java	35
/home/hyeonji/java-vuln-detection/slicing/output/CPG/cwe321_cpg/cwe321-31-cpg-resolved.bin	tc31_flow1	CWE321_Hard_Coded_Cryptographic_Key__basic_68a.java	34	CWE321_Hard_Coded_Cryptographic_Key__basic_68b.java	34
/home/hyeonji/java-vuln-detection/slicing/output/CPG/cwe321_cpg/cwe321-32-cpg-resolved.bin	tc32_flow1	CWE321_Hard_Coded_Cryptographic_Key__basic_71a.java	34	CWE321_Hard_Coded_Cryptographic_Key__basic_71b.java	35
/home/hyeonji/java-vuln-detection/slicing/output/CPG/cwe321_cpg/cwe321-33-cpg-resolved.bin	tc33_flow1	CWE321_Hard_Coded_Cryptographic_Key__basic_72a.java	35	CWE321_Hard_Coded_Cryptographic_Key__basic_72b.java	36
/home/hyeonji/java-vuln-detection/slicing/output/CPG/cwe321_cpg/cwe321-34-cpg-resolved.bin	tc34_flow1	CWE321_Hard_Coded_Cryptographic_Key__basic_73a.java	35	CWE321_Hard_Coded_Cryptographic_Key__basic_73b.java	36
/home/hyeonji/java-vuln-detection/slicing/output/CPG/cwe321_cpg/cwe321-35-cpg-resolved.bin	tc35_flow1	CWE321_Hard_Coded_Cryptographic_Key__basic_74a.java	35	CWE321_Hard_Coded_Cryptographic_Key__basic_74b.java	36
/home/hyeonji/java-vuln-detection/slicing/output/CPG/cwe321_cpg/cwe321-36-cpg-resolved.bin	tc36_flow1	CWE321_Hard_Coded_Cryptographic_Key__basic_75a.java	37	CWE321_Hard_Coded_Cryptographic_Key__basic_75b.java	47
/home/hyeonji/java-vuln-detection/slicing/output/CPG/cwe321_cpg/cwe321-37-cpg-resolved.bin	tc37_flow1	CWE321_Hard_Coded_Cryptographic_Key__basic_81a.java	34	CWE321_Hard_Coded_Cryptographic_Key__basic_81_bad.java	34
